"|","generated__timestamp","generated__date","||","country-id","country-iso","country-eng","country-fra","advisory-state","date-published__timestamp","date-published__date","date-published__asp","has-advisory-warning","has-regional-advisory","has-content","recent-updates-type","eng__name","eng__url-slug","eng__friendly-date","eng__advisory-text","eng__recent-updates","fra__name","fra__url-slug","fra__friendly-date","fra__advisory-text","fra__recent-updates"
"metadata","1427981770","2015-04-02 09:36:10","","","","","","","","","","","","","","","","","","","","","","",""
"data","","","AF","1000","AF","Afghanistan","Afghanistan","3","1424982993","2015-02-26 15:36:33","2015-02-26T15:36:33.8205568-05:00","1","0","1","Editorial change","Afghanistan","afghanistan","February 26, 2015 15:36 EST","Avoid all travel","A minor editorial change was made.","Afghanistan","afghanistan","26 février 2015 15:36 HNE","Éviter tout voyage","Un changement mineur a été apporté au texte."
"","","","AL","4000","AL","Albania","Albanie","0","1427377339","2015-03-26 09:42:19","2015-03-26T09:42:19.0065324-04:00","0","1","1","Regular text update","Albania","albania","March 26, 2015 9:42 EST","Exercise normal security precautions (with regional advisories)","A hyperlink was added.","Albanie","albanie","26 mars 2015 9:42 HNE","Prendre des mesures de sécurité normales (avec avertissements régionaux)","Un hyperlien a été ajouté."
"","","","DZ","5000","DZ","Algeria","Algérie","1","1427377339","2015-03-26 09:42:19","2015-03-26T09:42:19.0065324-04:00","0","1","1","Editorial change","Algeria","algeria","March 26, 2015 9:42 EST","Exercise a high degree of caution (with regional advisories)","A hyperlink was added.","Algérie","algerie","26 mars 2015 9:42 HNE","Faire preuve d’une grande prudence (avec avertissements régionaux)","Un hyperlien a été ajouté."
"","","","AS","348032","AS","American Samoa","Samoa américaines","0","1425681404","2015-03-06 17:36:44","2015-03-06T17:36:44.868557-05:00","0","0","1","Editorial change","American Samoa","american-samoa","March 06, 2015 17:36 EST","Exercise normal security precautions","A minor editorial change was made.","Samoa américaines","samoa-americaines","06 mars 2015 17:36 HNE","Prendre des mesures de sécurité normales","Un changement mineur a été apporté au texte."
"","","","AD","6000","AD","Andorra","Andorre","0","1427377339","2015-03-26 09:42:19","2015-03-26T09:42:19.0065324-04:00","0","0","1","Editorial change","Andorra","andorra","March 26, 2015 9:42 EST","Exercise normal security precautions","A hyperlink was added.","Andorre","andorre","26 mars 2015 9:42 HNE","Prendre des mesures de sécurité normales","Un hyperlien a été ajouté."
"","","","AO","7000","AO","Angola","Angola","1","1427377339","2015-03-26 09:42:19","2015-03-26T09:42:19.0065324-04:00","0","1","1","Regular text update","Angola","angola","March 26, 2015 9:42 EST","Exercise a high degree of caution (with regional advisories)","A hyperlink was added.","Angola","angola","26 mars 2015 9:42 HNE","Faire preuve d’une grande prudence (avec avertissements régionaux)","Un hyperlien a été ajouté."
"","","","AI","8000","AI","Anguilla","Anguilla","0","1427377339","2015-03-26 09:42:19","2015-03-26T09:42:19.0065324-04:00","0","0","1","Editorial change","Anguilla","anguilla","March 26, 2015 9:42 EST","Exercise normal security precautions","A hyperlink was added.","Anguilla","anguilla","26 mars 2015 9:42 HNE","Prendre des mesures de sécurité normales","Un hyperlien a été ajouté."
"","","","AQ","9000","AQ","Antarctica","Antarctique","0","1425681705","2015-03-06 17:41:45","2015-03-06T17:41:45.0046526-05:00","0","0","1","Editorial change","Antarctica","antarctica","March 06, 2015 17:41 EST","Exercise normal security precautions","An minor editorial change was made.","Antarctique","antarctique","06 mars 2015 17:41 HNE","Prendre des mesures de sécurité normales","Un changement mineur a été apporté au texte."
"","","","AG","10000","AG","Antigua and Barbuda","Antigua-et-Barbuda","0","1427377339","2015-03-26 09:42:19","2015-03-26T09:42:19.0065324-04:00","0","0","1","Full TAA review","Antigua and Barbuda","antigua-and-barbuda","March 26, 2015 9:42 EST","Exercise normal security precautions","A hyperlink was added.","Antigua-et-Barbuda","antigua-et-barbuda","26 mars 2015 9:42 HNE","Prendre des mesures de sécurité normales","Un hyperlien a été ajouté."
"","","","AR","11000","AR","Argentina","Argentine","0","1424982993","2015-02-26 15:36:33","2015-02-26T15:36:33.8205568-05:00","0","0","1","Editorial change","Argentina","argentina","February 26, 2015 15:36 EST","Exercise normal security precautions","A minor editorial change was made.","Argentine","argentine","26 février 2015 15:36 HNE","Prendre des mesures de sécurité normales","Un changement mineur a été apporté au texte."
"","","","AM","14000","AM","Armenia","Arménie","1","1427377339","2015-03-26 09:42:19","2015-03-26T09:42:19.0065324-04:00","0","1","1","Editorial change","Armenia","armenia","March 26, 2015 9:42 EST","Exercise a high degree of caution (with regional advisories)","A hyperlink was added.","Arménie","armenie","26 mars 2015 9:42 HNE","Faire preuve d’une grande prudence (avec avertissements régionaux)","Un hyperlien a été ajouté."
"","","","AW","343000","AW","Aruba","Aruba","0","1427377339","2015-03-26 09:42:19","2015-03-26T09:42:19.0065324-04:00","0","0","1","Editorial change","Aruba","aruba","March 26, 2015 9:42 EST","Exercise normal security precautions","A hyperlink was added.","Aruba","aruba","26 mars 2015 9:42 HNE","Prendre des mesures de sécurité normales","Un hyperlien a été ajouté."
"","","","AU","17000","AU","Australia","Australie","0","1427210350","2015-03-24 11:19:10","2015-03-24T11:19:10.9609297-04:00","0","0","1","Regular text update","Australia","australia","March 24, 2015 11:19 EST","Exercise normal security precautions","The Natural disasters and climate tab was updated - removal of information on tropical storm Nathan.","Australie","australie","24 mars 2015 11:19 HNE","Prendre des mesures de sécurité normales","L'onglet Catastrophes naturelles et climat a été mis à jour - retrait de l'information sur la tempête tropicale Nathan."
"","","","AT","18000","AT","Austria","Autriche","0","1427377339","2015-03-26 09:42:19","2015-03-26T09:42:19.0065324-04:00","0","0","1","Editorial change","Austria","austria","March 26, 2015 9:42 EST","Exercise normal security precautions","A hyperlink was added.","Autriche","autriche","26 mars 2015 9:42 HNE","Prendre des mesures de sécurité normales","Un hyperlien a été ajouté."
"","","","AZ","19000","AZ","Azerbaijan","Azerbaïdjan","1","1427377339","2015-03-26 09:42:19","2015-03-26T09:42:19.0065324-04:00","0","1","1","Editorial change","Azerbaijan","azerbaijan","March 26, 2015 9:42 EST","Exercise a high degree of caution (with regional advisories)","A hyperlink was added.","Azerbaïdjan","azerbaidjan","26 mars 2015 9:42 HNE","Faire preuve d’une grande prudence (avec avertissements régionaux)","Un hyperlien a été ajouté."
"","","","PT-20","900","PT-20","Azores","Açores","0","1424982993","2015-02-26 15:36:33","2015-02-26T15:36:33.8205568-05:00","0","0","1","Editorial change","Azores","azores","February 26, 2015 15:36 EST","Exercise normal security precautions","A minor editorial change was made.","Açores","acores","26 février 2015 15:36 HNE","Prendre des mesures de sécurité normales","Un changement mineur a été apporté au texte."
"","","","BS","21000","BS","Bahamas","Bahamas","1","1427377339","2015-03-26 09:42:19","2015-03-26T09:42:19.0065324-04:00","0","0","1","Editorial change","Bahamas","bahamas","March 26, 2015 9:42 EST","Exercise a high degree of caution","A hyperlink was added.","Bahamas","bahamas","26 mars 2015 9:42 HNE","Faire preuve d’une grande prudence","Un hyperlien a été ajouté."
"","","","BH","22000","BH","Bahrain","Bahreïn","1","1427377339","2015-03-26 09:42:19","2015-03-26T09:42:19.0065324-04:00","0","0","1","Editorial change","Bahrain","bahrain","March 26, 2015 9:42 EST","Exercise a high degree of caution","A hyperlink was added.","Bahreïn","bahrein","26 mars 2015 9:42 HNE","Faire preuve d’une grande prudence","Un hyperlien a été ajouté."
"","","","BD","24000","BD","Bangladesh","Bangladesh","1","1424982993","2015-02-26 15:36:33","2015-02-26T15:36:33.8205568-05:00","0","1","1","Editorial change","Bangladesh","bangladesh","February 26, 2015 15:36 EST","Exercise a high degree of caution (with regional advisories)","A minor editorial change was made.","Bangladesh","bangladesh","26 février 2015 15:36 HNE","Faire preuve d’une grande prudence (avec avertissements régionaux)","Un changement mineur a été apporté au texte."
"","","","BB","25000","BB","Barbados","Barbade","0","1425319565","2015-03-02 13:06:05","2015-03-02T13:06:05.959236-05:00","0","0","1","Full TAA review","Barbados","barbados","March 02, 2015 13:06 EST","Exercise normal security precautions","This travel advice was thoroughly reviewed and updated.","Barbade","barbade","02 mars 2015 13:06 HNE","Prendre des mesures de sécurité normales","Les présents Conseils aux voyageurs ont été mis à jour à la suite d’un examen minutieux."
"","","","BY","27000","BY","Belarus","Bélarus","1","1427377339","2015-03-26 09:42:19","2015-03-26T09:42:19.0065324-04:00","0","0","1","Editorial change","Belarus","belarus","March 26, 2015 9:42 EST","Exercise a high degree of caution","A hyperlink was added.","Bélarus","belarus","26 mars 2015 9:42 HNE","Faire preuve d’une grande prudence","Un hyperlien a été ajouté."
"","","","BE","28000","BE","Belgium","Belgique","0","1427377339","2015-03-26 09:42:19","2015-03-26T09:42:19.0065324-04:00","0","0","1","Editorial change","Belgium","belgium","March 26, 2015 9:42 EST","Exercise normal security precautions","A hyperlink was added.","Belgique","belgique","26 mars 2015 9:42 HNE","Prendre des mesures de sécurité normales","Un hyperlien a été ajouté."
"","","","BZ","29000","BZ","Belize","Belize","1","1427377339","2015-03-26 09:42:19","2015-03-26T09:42:19.0065324-04:00","0","0","1","Editorial change","Belize","belize","March 26, 2015 9:42 EST","Exercise a high degree of caution","A hyperlink was added.","Belize","belize","26 mars 2015 9:42 HNE","Faire preuve d’une grande prudence","Un hyperlien a été ajouté."
"","","","BJ","30000","BJ","Benin","Bénin","1","1427377339","2015-03-26 09:42:19","2015-03-26T09:42:19.0065324-04:00","0","0","1","Editorial change","Benin","benin","March 26, 2015 9:42 EST","Exercise a high degree of caution","A hyperlink was added.","Bénin","benin","26 mars 2015 9:42 HNE","Faire preuve d’une grande prudence","Un hyperlien a été ajouté."
"","","","BM","31000","BM","Bermuda","Bermudes","0","1424982993","2015-02-26 15:36:33","2015-02-26T15:36:33.8205568-05:00","0","0","1","Editorial change","Bermuda","bermuda","February 26, 2015 15:36 EST","Exercise normal security precautions","A minor editorial change was made.","Bermudes","bermudes","26 février 2015 15:36 HNE","Prendre des mesures de sécurité normales","Un changement mineur a été apporté au texte."
"","","","BT","32000","BT","Bhutan","Bhoutan","0","1426715868","2015-03-18 17:57:48","2015-03-18T17:57:48.959659-04:00","0","0","1","Editorial change","Bhutan","bhutan","March 18, 2015 17:57 EST","Exercise normal security precautions","A minor editorial change was made.","Bhoutan","bhoutan","18 mars 2015 17:57 HNE","Prendre des mesures de sécurité normales","Un changement mineur a été apporté au texte."
"","","","BO","33000","BO","Bolivia","Bolivie","1","1427823519","2015-03-31 13:38:39","2015-03-31T13:38:39.3951137-04:00","0","0","1","Regular text update","Bolivia","bolivia","March 31, 2015 13:38 EST","Exercise a high degree of caution","The Security tab was updated - removal of information on elections.","Bolivie","bolivie","31 mars 2015 13:38 HNE","Faire preuve d’une grande prudence","L'onglet Sécurité a été mis à jour - retrait de l'information sur les élections."
"","","","BQ","345000","BQ","Bonaire","Bonaire","0","1424982993","2015-02-26 15:36:33","2015-02-26T15:36:33.8205568-05:00","0","0","1","Editorial change","Bonaire","bonaire","February 26, 2015 15:36 EST","Exercise normal security precautions","A minor editorial change was made.","Bonaire","bonaire","26 février 2015 15:36 HNE","Prendre des mesures de sécurité normales","Un changement mineur a été apporté au texte."
"","","","BA","35000","BA","Bosnia and Herzegovina","Bosnie-Herzégovine","1","1427377339","2015-03-26 09:42:19","2015-03-26T09:42:19.0065324-04:00","0","0","1","Editorial change","Bosnia and Herzegovina","bosnia-and-herzegovina","March 26, 2015 9:42 EST","Exercise a high degree of caution","A hyperlink was added.","Bosnie-Herzégovine","bosnie-herzegovine","26 mars 2015 9:42 HNE","Faire preuve d’une grande prudence","Un hyperlien a été ajouté."
"","","","BW","36000","BW","Botswana","Botswana","0","1427377339","2015-03-26 09:42:19","2015-03-26T09:42:19.0065324-04:00","0","0","1","Editorial change","Botswana","botswana","March 26, 2015 9:42 EST","Exercise normal security precautions","A hyperlink was added.","Botswana","botswana","26 mars 2015 9:42 HNE","Prendre des mesures de sécurité normales","Un hyperlien a été ajouté."
"","","","BR","38000","BR","Brazil","Brésil","1","1427377339","2015-03-26 09:42:19","2015-03-26T09:42:19.0065324-04:00","0","0","1","Regular text update","Brazil","brazil","March 26, 2015 9:42 EST","Exercise a high degree of caution","A hyperlink was added.","Brésil","bresil","26 mars 2015 9:42 HNE","Faire preuve d’une grande prudence","Un hyperlien a été ajouté."
"","","","VG","40000","VG","British Virgin Islands","Îles Vierges britanniques","0","1427377339","2015-03-26 09:42:19","2015-03-26T09:42:19.0065324-04:00","0","0","1","Editorial change","British Virgin Islands","british-virgin-islands","March 26, 2015 9:42 EST","Exercise normal security precautions","A hyperlink was added.","Îles Vierges britanniques","iles-vierges-britanniques","26 mars 2015 9:42 HNE","Prendre des mesures de sécurité normales","Un hyperlien a été ajouté."
"","","","BN","41000","BN","Brunei Darussalam","Brunéi Darussalam","0","1427377339","2015-03-26 09:42:19","2015-03-26T09:42:19.0065324-04:00","0","0","1","Editorial change","Brunei Darussalam","brunei-darussalam","March 26, 2015 9:42 EST","Exercise normal security precautions","A hyperlink was added.","Brunéi Darussalam","brunei-darussalam","26 mars 2015 9:42 HNE","Prendre des mesures de sécurité normales","Un hyperlien a été ajouté."
"","","","BG","42000","BG","Bulgaria","Bulgarie","1","1427377339","2015-03-26 09:42:19","2015-03-26T09:42:19.0065324-04:00","0","0","1","Editorial change","Bulgaria","bulgaria","March 26, 2015 9:42 EST","Exercise a high degree of caution","A hyperlink was added.","Bulgarie","bulgarie","26 mars 2015 9:42 HNE","Faire preuve d’une grande prudence","Un hyperlien a été ajouté."
"","","","BF","43000","BF","Burkina Faso","Burkina Faso","1","1424982993","2015-02-26 15:36:33","2015-02-26T15:36:33.8205568-05:00","0","1","1","Editorial change","Burkina Faso","burkina-faso","February 26, 2015 15:36 EST","Exercise a high degree of caution (with regional advisories)","A minor editorial change was made.","Burkina Faso","burkina-faso","26 février 2015 15:36 HNE","Faire preuve d’une grande prudence (avec avertissements régionaux)","Un changement mineur a été apporté au texte."
"","","","MM","200000","MM","Burma (Myanmar)","Birmanie (Myanmar)","1","1427377339","2015-03-26 09:42:19","2015-03-26T09:42:19.0065324-04:00","0","1","1","Editorial change","Burma (Myanmar)","burma-myanmar","March 26, 2015 9:42 EST","Exercise a high degree of caution (with regional advisories)","A hyperlink was added.","Birmanie (Myanmar)","birmanie-myanmar","26 mars 2015 9:42 HNE","Faire preuve d’une grande prudence (avec avertissements régionaux)","Un hyperlien a été ajouté."
"","","","BI","44000","BI","Burundi","Burundi","1","1424982993","2015-02-26 15:36:33","2015-02-26T15:36:33.8205568-05:00","0","1","1","Editorial change","Burundi","burundi","February 26, 2015 15:36 EST","Exercise a high degree of caution (with regional advisories)","A minor editorial change was made.","Burundi","burundi","26 février 2015 15:36 HNE","Faire preuve d’une grande prudence (avec avertissements régionaux)","Un changement mineur a été apporté au texte."
"","","","CV","50000","CV","Cabo Verde","Cabo Verde","1","1427377339","2015-03-26 09:42:19","2015-03-26T09:42:19.0065324-04:00","0","0","1","Editorial change","Cabo Verde","cabo-verde","March 26, 2015 9:42 EST","Exercise a high degree of caution","A hyperlink was added.","Cabo Verde","cabo-verde","26 mars 2015 9:42 HNE","Faire preuve d’une grande prudence","Un hyperlien a été ajouté."
"","","","KH","46000","KH","Cambodia","Cambodge","1","1426521226","2015-03-16 11:53:46","2015-03-16T11:53:46.6033306-04:00","0","1","1","Regular text update","Cambodia","cambodia","March 16, 2015 11:53 EST","Exercise a high degree of caution (with regional advisories)","The Laws & culture tab was updated - commercial surrogacy.","Cambodge","cambodge","16 mars 2015 11:53 HNE","Faire preuve d’une grande prudence (avec avertissements régionaux)","L'onglet Lois et coutumes a été mis à jour - maternité de substitution."
"","","","CM","47000","CM","Cameroon","Cameroun","1","1427377339","2015-03-26 09:42:19","2015-03-26T09:42:19.0065324-04:00","0","1","1","Editorial change","Cameroon","cameroon","March 26, 2015 9:42 EST","Exercise a high degree of caution (with regional advisories)","A hyperlink was added.","Cameroun","cameroun","26 mars 2015 9:42 HNE","Faire preuve d’une grande prudence (avec avertissements régionaux)","Un hyperlien a été ajouté."
"","","","IC","348027","IC","Canary Islands","Îles Canaries","0","1427377339","2015-03-26 09:42:19","2015-03-26T09:42:19.0065324-04:00","0","0","1","Editorial change","Canary Islands","canary-islands","March 26, 2015 9:42 EST","Exercise normal security precautions","A hyperlink was added.","Îles Canaries","iles-canaries","26 mars 2015 9:42 HNE","Prendre des mesures de sécurité normales","Un hyperlien a été ajouté."
"","","","KY","51000","KY","Cayman Islands","Îles Caïmans","0","1424982993","2015-02-26 15:36:33","2015-02-26T15:36:33.8205568-05:00","0","0","1","Editorial change","Cayman Islands","cayman-islands","February 26, 2015 15:36 EST","Exercise normal security precautions","A minor editorial change was made.","Îles Caïmans","caimans-iles","26 février 2015 15:36 HNE","Prendre des mesures de sécurité normales","Un changement mineur a été apporté au texte."
"","","","CF","52000","CF","Central African Republic","République centrafricaine","3","1427377339","2015-03-26 09:42:19","2015-03-26T09:42:19.0065324-04:00","1","0","1","Editorial change","Central African Republic","central-african-republic","March 26, 2015 9:42 EST","Avoid all travel","A hyperlink was added.","République centrafricaine","republique-centrafricaine","26 mars 2015 9:42 HNE","Éviter tout voyage","Un hyperlien a été ajouté."
"","","","TD","53000","TD","Chad","Tchad","3","1427377339","2015-03-26 09:42:19","2015-03-26T09:42:19.0065324-04:00","1","1","1","Editorial change","Chad","chad","March 26, 2015 9:42 EST","Avoid all travel (with regional advisories)","A hyperlink was added.","Tchad","tchad","26 mars 2015 9:42 HNE","Éviter tout voyage (avec avertissements régionaux)","Un hyperlien a été ajouté."
"","","","CL","54000","CL","Chile","Chili","0","1427833737","2015-03-31 16:28:57","2015-03-31T16:28:57.2095776-04:00","0","0","1","Regular text update","Chile","chile","March 31, 2015 16:28 EST","Exercise normal security precautions","The Assistance tab was updated - The Consulate of Canada in Antofagasta opened March 30.","Chili","chili","31 mars 2015 16:28 HNE","Prendre des mesures de sécurité normales","L'onglet Assistance a été mis à jour - Le Consulat du Canada à Antofagasta a été ouvert le 30 mars."
"","","","CN","55000","CN","China","Chine","1","1427377339","2015-03-26 09:42:19","2015-03-26T09:42:19.0065324-04:00","0","0","1","Editorial change","China","china","March 26, 2015 9:42 EST","Exercise a high degree of caution","A hyperlink was added.","Chine","chine","26 mars 2015 9:42 HNE","Faire preuve d’une grande prudence","Un hyperlien a été ajouté."
"","","","CO","60000","CO","Colombia","Colombie","1","1424982993","2015-02-26 15:36:33","2015-02-26T15:36:33.8205568-05:00","0","1","1","Editorial change","Colombia","colombia","February 26, 2015 15:36 EST","Exercise a high degree of caution (with regional advisories)","A minor editorial change was made.","Colombie","colombie","26 février 2015 15:36 HNE","Faire preuve d’une grande prudence (avec avertissements régionaux)","Un changement mineur a été apporté au texte."
"","","","KM","62000","KM","Comoros","Comores","1","1427377339","2015-03-26 09:42:19","2015-03-26T09:42:19.0065324-04:00","0","0","1","Editorial change","Comoros","comoros","March 26, 2015 9:42 EST","Exercise a high degree of caution","A hyperlink was added.","Comores","comores","26 mars 2015 9:42 HNE","Faire preuve d’une grande prudence","Un hyperlien a été ajouté."
"","","","CK","339000","CK","Cook Islands","Îles Cook","0","1427377339","2015-03-26 09:42:19","2015-03-26T09:42:19.0065324-04:00","0","0","1","Editorial change","Cook Islands","cook-islands","March 26, 2015 9:42 EST","Exercise normal security precautions","A hyperlink was added.","Îles Cook","iles-cook","26 mars 2015 9:42 HNE","Prendre des mesures de sécurité normales","Un hyperlien a été ajouté."
"","","","CR","67000","CR","Costa Rica","Costa Rica","1","1426792704","2015-03-19 15:18:24","2015-03-19T15:18:24.6391858-04:00","0","0","1","Editorial change","Costa Rica","costa-rica","March 19, 2015 15:18 EST","Exercise a high degree of caution","A minor editorial change was made.","Costa Rica","costa-rica","19 mars 2015 15:18 HNE","Faire preuve d’une grande prudence","Un changement mineur a été apporté au contenu."
"","","","CI","137000","CI","Côte d'Ivoire (Ivory Coast)","Côte d'Ivoire","1","1427377339","2015-03-26 09:42:19","2015-03-26T09:42:19.0065324-04:00","0","1","1","Editorial change","Côte d'Ivoire (Ivory Coast)","cote-d-ivoire-ivory-coast","March 26, 2015 9:42 EST","Exercise a high degree of caution (with regional advisories)","A hyperlink was added.","Côte d'Ivoire","cote-d-ivoire","26 mars 2015 9:42 HNE","Faire preuve d’une grande prudence (avec avertissements régionaux)","Un hyperlien a été ajouté."
"","","","HR","68000","HR","Croatia","Croatie","0","1427377339","2015-03-26 09:42:19","2015-03-26T09:42:19.0065324-04:00","0","0","1","Editorial change","Croatia","croatia","March 26, 2015 9:42 EST","Exercise normal security precautions","A hyperlink was added.","Croatie","croatie","26 mars 2015 9:42 HNE","Prendre des mesures de sécurité normales","Un hyperlien a été ajouté."
"","","","CU","69000","CU","Cuba","Cuba","0","1427377339","2015-03-26 09:42:19","2015-03-26T09:42:19.0065324-04:00","0","0","1","Editorial change","Cuba","cuba","March 26, 2015 9:42 EST","Exercise normal security precautions","A hyperlink was added.","Cuba","cuba","26 mars 2015 9:42 HNE","Prendre des mesures de sécurité normales","Un hyperlien a été ajouté."
"","","","CW","346000","CW","Curaçao","Curaçao","0","1427377339","2015-03-26 09:42:19","2015-03-26T09:42:19.0065324-04:00","0","0","1","Editorial change","Curaçao","curacao","March 26, 2015 9:42 EST","Exercise normal security precautions","A hyperlink was added.","Curaçao","curacao","26 mars 2015 9:42 HNE","Prendre des mesures de sécurité normales","Un hyperlien a été ajouté."
"","","","CY","70000","CY","Cyprus","Chypre","0","1427377339","2015-03-26 09:42:19","2015-03-26T09:42:19.0065324-04:00","0","0","1","Editorial change","Cyprus","cyprus","March 26, 2015 9:42 EST","Exercise normal security precautions","A hyperlink was added.","Chypre","chypre","26 mars 2015 9:42 HNE","Prendre des mesures de sécurité normales","Un hyperlien a été ajouté."
"","","","CZ","71000","CZ","Czech Republic","République tchèque","0","1427377339","2015-03-26 09:42:19","2015-03-26T09:42:19.0065324-04:00","0","0","1","Editorial change","Czech Republic","czech-republic","March 26, 2015 9:42 EST","Exercise normal security precautions","A hyperlink was added.","République tchèque","republique-tcheque","26 mars 2015 9:42 HNE","Prendre des mesures de sécurité normales","Un hyperlien a été ajouté."
"","","","CD","332000","CD","Democratic Republic of Congo (Kinshasa)","République démocratique du Congo (Kinshasa)","2","1427377339","2015-03-26 09:42:19","2015-03-26T09:42:19.0065324-04:00","1","1","1","Editorial change","Democratic Republic of Congo (Kinshasa)","congo-kinshasa","March 26, 2015 9:42 EST","Avoid non-essential travel (with regional advisories)","A hyperlink was added.","République démocratique du Congo (Kinshasa)","congo-kinshasa","26 mars 2015 9:42 HNE","Éviter tout voyage non-essentiel (avec avertissements régionaux)","Un hyperlien a été ajouté."
"","","","DK","73000","DK","Denmark","Danemark","0","1427825385","2015-03-31 14:09:45","2015-03-31T14:09:45.3828797-04:00","0","0","1","Full TAA review","Denmark","denmark","March 31, 2015 14:09 EST","Exercise normal security precautions","The information contained in this Travel Advice page has been thoroughly reviewed and updated.","Danemark","danemark","31 mars 2015 14:09 HNE","Prendre des mesures de sécurité normales","L'information figurant dans ces Conseils aux voyageurs a été mise à jour à la suite d'un examen minutieux."
"","","","DJ","75000","DJ","Djibouti","Djibouti","1","1427377339","2015-03-26 09:42:19","2015-03-26T09:42:19.0065324-04:00","0","1","1","Editorial change","Djibouti","djibouti","March 26, 2015 9:42 EST","Exercise a high degree of caution (with regional advisories)","A hyperlink was added.","Djibouti","djibouti","26 mars 2015 9:42 HNE","Faire preuve d’une grande prudence (avec avertissements régionaux)","Un hyperlien a été ajouté."
"","","","DM","76000","DM","Dominica","Dominique","1","1427377339","2015-03-26 09:42:19","2015-03-26T09:42:19.0065324-04:00","0","0","1","Editorial change","Dominica","dominica","March 26, 2015 9:42 EST","Exercise a high degree of caution","A hyperlink was added.","Dominique","dominique","26 mars 2015 9:42 HNE","Faire preuve d’une grande prudence","Un hyperlien a été ajouté."
"","","","DO","77000","DO","Dominican Republic","République dominicaine","1","1424982993","2015-02-26 15:36:33","2015-02-26T15:36:33.8205568-05:00","0","0","1","Editorial change","Dominican Republic","dominican-republic","February 26, 2015 15:36 EST","Exercise a high degree of caution","A minor editorial change was made.","République dominicaine","republique-dominicaine","26 février 2015 15:36 HNE","Faire preuve d’une grande prudence","Un changement mineur a été apporté au texte."
"","","","EC","78000","EC","Ecuador","Équateur","1","1427377339","2015-03-26 09:42:19","2015-03-26T09:42:19.0065324-04:00","0","1","1","Full TAA review","Ecuador","ecuador","March 26, 2015 9:42 EST","Exercise a high degree of caution (with regional advisories)","A hyperlink was added.","Équateur","equateur","26 mars 2015 9:42 HNE","Faire preuve d’une grande prudence (avec avertissements régionaux)","Un hyperlien a été ajouté."
"","","","EG","79000","EG","Egypt","Égypte","2","1427377339","2015-03-26 09:42:19","2015-03-26T09:42:19.0065324-04:00","1","1","1","Regular text update","Egypt","egypt","March 26, 2015 9:42 EST","Avoid non-essential travel (with regional advisories)","A hyperlink was added.","Égypte","egypte","26 mars 2015 9:42 HNE","Éviter tout voyage non-essentiel (avec avertissements régionaux)","Un hyperlien a été ajouté."
"","","","SV","80000","SV","El Salvador","Salvador","1","1427377339","2015-03-26 09:42:19","2015-03-26T09:42:19.0065324-04:00","0","0","1","Editorial change","El Salvador","el-salvador","March 26, 2015 9:42 EST","Exercise a high degree of caution","A hyperlink was added.","Salvador","salvador","26 mars 2015 9:42 HNE","Faire preuve d’une grande prudence","Un hyperlien a été ajouté."
"","","","GQ","82000","GQ","Equatorial Guinea","Guinée équatoriale","1","1427377339","2015-03-26 09:42:19","2015-03-26T09:42:19.0065324-04:00","0","0","1","Editorial change","Equatorial Guinea","equatorial-guinea","March 26, 2015 9:42 EST","Exercise a high degree of caution","A hyperlink was added.","Guinée équatoriale","guinee-equatoriale","26 mars 2015 9:42 HNE","Faire preuve d’une grande prudence","Un hyperlien a été ajouté."
"","","","ER","83000","ER","Eritrea","Érythrée","2","1427377339","2015-03-26 09:42:19","2015-03-26T09:42:19.0065324-04:00","1","1","1","Editorial change","Eritrea","eritrea","March 26, 2015 9:42 EST","Avoid non-essential travel (with regional advisories)","A hyperlink was added.","Érythrée","erythree","26 mars 2015 9:42 HNE","Éviter tout voyage non-essentiel (avec avertissements régionaux)","Un hyperlien a été ajouté."
"","","","EE","84000","EE","Estonia","Estonie","0","1427377339","2015-03-26 09:42:19","2015-03-26T09:42:19.0065324-04:00","0","0","1","Editorial change","Estonia","estonia","March 26, 2015 9:42 EST","Exercise normal security precautions","A hyperlink was added.","Estonie","estonie","26 mars 2015 9:42 HNE","Prendre des mesures de sécurité normales","Un hyperlien a été ajouté."
"","","","ET","85000","ET","Ethiopia","Éthiopie","1","1427377339","2015-03-26 09:42:19","2015-03-26T09:42:19.0065324-04:00","0","1","1","Editorial change","Ethiopia","ethiopia","March 26, 2015 9:42 EST","Exercise a high degree of caution (with regional advisories)","A hyperlink was added.","Éthiopie","ethiopie","26 mars 2015 9:42 HNE","Faire preuve d’une grande prudence (avec avertissements régionaux)","Un hyperlien a été ajouté."
"","","","FK","348028","FK","Falkland Islands","Îles Malouines","0","1424982993","2015-02-26 15:36:33","2015-02-26T15:36:33.8205568-05:00","0","0","1","Editorial change","Falkland Islands","falkland-islands","February 26, 2015 15:36 EST","Exercise normal security precautions","A minor editorial change was made.","Îles Malouines","iles-malouines","26 février 2015 15:36 HNE","Prendre des mesures de sécurité normales","Un changement mineur a été apporté au texte."
"","","","FJ","89000","FJ","Fiji","Fidji","0","1427377339","2015-03-26 09:42:19","2015-03-26T09:42:19.0065324-04:00","0","0","1","Editorial change","Fiji","fiji","March 26, 2015 9:42 EST","Exercise normal security precautions","A hyperlink was added.","Fidji","fidji","26 mars 2015 9:42 HNE","Prendre des mesures de sécurité normales","Un hyperlien a été ajouté."
"","","","FI","90000","FI","Finland","Finlande","0","1427377339","2015-03-26 09:42:19","2015-03-26T09:42:19.0065324-04:00","0","0","1","Editorial change","Finland","finland","March 26, 2015 9:42 EST","Exercise normal security precautions","A hyperlink was added.","Finlande","finlande","26 mars 2015 9:42 HNE","Prendre des mesures de sécurité normales","Un hyperlien a été ajouté."
"","","","FR","92000","FR","France","France","0","1427377339","2015-03-26 09:42:19","2015-03-26T09:42:19.0065324-04:00","0","0","1","Regular text update","France","france","March 26, 2015 9:42 EST","Exercise normal security precautions","A hyperlink was added.","France","france","26 mars 2015 9:42 HNE","Prendre des mesures de sécurité normales","Un hyperlien a été ajouté."
"","","","GF","93000","GF","French Guiana","Guyane française","0","1427377339","2015-03-26 09:42:19","2015-03-26T09:42:19.0065324-04:00","0","0","1","Editorial change","French Guiana","french-guiana","March 26, 2015 9:42 EST","Exercise normal security precautions","A hyperlink was added.","Guyane française","guyane-francaise","26 mars 2015 9:42 HNE","Prendre des mesures de sécurité normales","Un hyperlien a été ajouté."
"","","","PF","94000","PF","French Polynesia","Polynésie française","0","1427377339","2015-03-26 09:42:19","2015-03-26T09:42:19.0065324-04:00","0","0","1","Editorial change","French Polynesia","french-polynesia","March 26, 2015 9:42 EST","Exercise normal security precautions","A hyperlink was added.","Polynésie française","polynesie-francaise","26 mars 2015 9:42 HNE","Prendre des mesures de sécurité normales","Un hyperlien a été ajouté."
"","","","GA","95000","GA","Gabon","Gabon","1","1427377339","2015-03-26 09:42:19","2015-03-26T09:42:19.0065324-04:00","0","0","1","Editorial change","Gabon","gabon","March 26, 2015 9:42 EST","Exercise a high degree of caution","A hyperlink was added.","Gabon","gabon","26 mars 2015 9:42 HNE","Faire preuve d’une grande prudence","Un hyperlien a été ajouté."
"","","","GM","96000","GM","Gambia, The","Gambie","1","1427377339","2015-03-26 09:42:19","2015-03-26T09:42:19.0065324-04:00","0","0","1","Editorial change","Gambia, The","gambia-the","March 26, 2015 9:42 EST","Exercise a high degree of caution","A hyperlink was added.","Gambie","gambie","26 mars 2015 9:42 HNE","Faire preuve d’une grande prudence","Un hyperlien a été ajouté."
"","","","GE","99000","GE","Georgia","Géorgie","0","1427377339","2015-03-26 09:42:19","2015-03-26T09:42:19.0065324-04:00","0","1","1","Editorial change","Georgia","georgia","March 26, 2015 9:42 EST","Exercise normal security precautions (with regional advisories)","A hyperlink was added.","Géorgie","georgie","26 mars 2015 9:42 HNE","Prendre des mesures de sécurité normales (avec avertissements régionaux)","Un hyperlien a été ajouté."
"","","","DE","100000","DE","Germany","Allemagne","0","1427377339","2015-03-26 09:42:19","2015-03-26T09:42:19.0065324-04:00","0","0","1","Editorial change","Germany","germany","March 26, 2015 9:42 EST","Exercise normal security precautions","A hyperlink was added.","Allemagne","allemagne","26 mars 2015 9:42 HNE","Prendre des mesures de sécurité normales","Un hyperlien a été ajouté."
"","","","GH","101000","GH","Ghana","Ghana","1","1427377339","2015-03-26 09:42:19","2015-03-26T09:42:19.0065324-04:00","0","0","1","Editorial change","Ghana","ghana","March 26, 2015 9:42 EST","Exercise a high degree of caution","A hyperlink was added.","Ghana","ghana","26 mars 2015 9:42 HNE","Faire preuve d’une grande prudence","Un hyperlien a été ajouté."
"","","","GI","348029","GI","Gibraltar","Gibraltar","0","1424982993","2015-02-26 15:36:33","2015-02-26T15:36:33.8205568-05:00","0","0","1","Editorial change","Gibraltar","gibraltar","February 26, 2015 15:36 EST","Exercise normal security precautions","A minor editorial change was made.","Gibraltar","gibraltar","26 février 2015 15:36 HNE","Prendre des mesures de sécurité normales","Un changement mineur a été apporté au texte."
"","","","GR","106000","GR","Greece","Grèce","0","1427377339","2015-03-26 09:42:19","2015-03-26T09:42:19.0065324-04:00","0","0","1","Regular text update","Greece","greece","March 26, 2015 9:42 EST","Exercise normal security precautions","A hyperlink was added.","Grèce","grece","26 mars 2015 9:42 HNE","Prendre des mesures de sécurité normales","Un hyperlien a été ajouté."
"","","","GL","107000","GL","Greenland","Groenland","0","1427816547","2015-03-31 11:42:27","2015-03-31T11:42:27.6273791-04:00","0","0","1","Editorial change","Greenland","greenland","March 31, 2015 11:42 EST","Exercise normal security precautions","A minor editorial change was made.","Groenland","groenland","31 mars 2015 11:42 HNE","Prendre des mesures de sécurité normales","Un changement mineur a été apporté."
"","","","GD","109000","GD","Grenada","Grenade","0","1424982993","2015-02-26 15:36:33","2015-02-26T15:36:33.8205568-05:00","0","0","1","Editorial change","Grenada","grenada","February 26, 2015 15:36 EST","Exercise normal security precautions","A minor editorial change was made.","Grenade","grenade","26 février 2015 15:36 HNE","Prendre des mesures de sécurité normales","Un changement mineur a été apporté au texte."
"","","","GP","110000","GP","Guadeloupe","Guadeloupe","0","1427377339","2015-03-26 09:42:19","2015-03-26T09:42:19.0065324-04:00","0","0","1","Editorial change","Guadeloupe","guadeloupe","March 26, 2015 9:42 EST","Exercise normal security precautions","A hyperlink was added.","Guadeloupe","guadeloupe","26 mars 2015 9:42 HNE","Prendre des mesures de sécurité normales","Un hyperlien a été ajouté."
"","","","GU","111000","GU","Guam","Guam","0","1425679579","2015-03-06 17:06:19","2015-03-06T17:06:19.4813534-05:00","0","0","1","Editorial change","Guam","guam","March 06, 2015 17:06 EST","Exercise normal security precautions","A minor editorial change was made.","Guam","guam","06 mars 2015 17:06 HNE","Prendre des mesures de sécurité normales","Le texte a été légèrement remanié."
"","","","GT","112000","GT","Guatemala","Guatemala","1","1424982993","2015-02-26 15:36:33","2015-02-26T15:36:33.8205568-05:00","0","0","1","Editorial change","Guatemala","guatemala","February 26, 2015 15:36 EST","Exercise a high degree of caution","A minor editorial change was made.","Guatemala","guatemala","26 février 2015 15:36 HNE","Faire preuve d’une grande prudence","Un changement mineur a été apporté au texte."
"","","","GN","114000","GN","Guinea","Guinée","2","1424982993","2015-02-26 15:36:33","2015-02-26T15:36:33.8205568-05:00","1","0","1","Editorial change","Guinea","guinea","February 26, 2015 15:36 EST","Avoid non-essential travel","A minor editorial change was made.","Guinée","guinee","26 février 2015 15:36 HNE","Éviter tout voyage non-essentiel","Un changement mineur a été apporté au texte."
"","","","GW","115000","GW","Guinea-Bissau","Guinée-Bissau","1","1427377339","2015-03-26 09:42:19","2015-03-26T09:42:19.0065324-04:00","0","1","1","Editorial change","Guinea-Bissau","guinea-bissau","March 26, 2015 9:42 EST","Exercise a high degree of caution (with regional advisories)","A hyperlink was added.","Guinée-Bissau","guinee-bissau","26 mars 2015 9:42 HNE","Faire preuve d’une grande prudence (avec avertissements régionaux)","Un hyperlien a été ajouté."
"","","","GY","116000","GY","Guyana","Guyana","1","1427377339","2015-03-26 09:42:19","2015-03-26T09:42:19.0065324-04:00","0","0","1","Editorial change","Guyana","guyana","March 26, 2015 9:42 EST","Exercise a high degree of caution","A hyperlink was added.","Guyana","guyana","26 mars 2015 9:42 HNE","Faire preuve d’une grande prudence","Un hyperlien a été ajouté."
"","","","HT","117000","HT","Haiti","Haïti","1","1424982993","2015-02-26 15:36:33","2015-02-26T15:36:33.8205568-05:00","0","1","1","Regular text update","Haiti","haiti","February 26, 2015 15:36 EST","Exercise a high degree of caution (with regional advisories)","A minor editorial change was made.","Haïti","haiti","26 février 2015 15:36 HNE","Faire preuve d’une grande prudence (avec avertissements régionaux)","Un changement mineur a été apporté au texte."
"","","","HN","121000","HN","Honduras","Honduras","1","1427377339","2015-03-26 09:42:19","2015-03-26T09:42:19.0065324-04:00","0","1","1","Editorial change","Honduras","honduras","March 26, 2015 9:42 EST","Exercise a high degree of caution (with regional advisories)","A hyperlink was added.","Honduras","honduras","26 mars 2015 9:42 HNE","Faire preuve d’une grande prudence (avec avertissements régionaux)","Un hyperlien a été ajouté."
"","","","HK","120000","HK","Hong Kong","Hong Kong","0","1427377339","2015-03-26 09:42:19","2015-03-26T09:42:19.0065324-04:00","0","0","1","Editorial change","Hong Kong","hong-kong","March 26, 2015 9:42 EST","Exercise normal security precautions","A hyperlink was added.","Hong Kong","hong-kong","26 mars 2015 9:42 HNE","Prendre des mesures de sécurité normales","Un hyperlien a été ajouté."
"","","","HU","124000","HU","Hungary","Hongrie","0","1427377339","2015-03-26 09:42:19","2015-03-26T09:42:19.0065324-04:00","0","0","1","Editorial change","Hungary","hungary","March 26, 2015 9:42 EST","Exercise normal security precautions","A hyperlink was added.","Hongrie","hongrie","26 mars 2015 9:42 HNE","Prendre des mesures de sécurité normales","Un hyperlien a été ajouté."
"","","","IS","125000","IS","Iceland","Islande","0","1427133713","2015-03-23 14:01:53","2015-03-23T14:01:53.22247-04:00","0","0","1","Regular text update","Iceland","iceland","March 23, 2015 14:01 EST","Exercise normal security precautions","The Natural disasters and climate tab was updated - removal of information on severe weather conditions.","Islande","islande","23 mars 2015 14:01 HNE","Prendre des mesures de sécurité normales","L'onglet Catastrophes naturelles et climat a été mis à jour - retrait de l'information sur les conditions météorologiques très mauvaises."
"","","","IN","128000","IN","India","Inde","1","1426716904","2015-03-18 18:15:04","2015-03-18T18:15:04.3804445-04:00","0","1","1","Full TAA review","India","india","March 18, 2015 18:15 EST","Exercise a high degree of caution (with regional advisories)","This travel advice was thoroughly reviewed and updated.","Inde","inde","18 mars 2015 18:15 HNE","Faire preuve d’une grande prudence (avec avertissements régionaux)","Les présents Conseils aux voyageurs ont été mis à jour à la suite d’un examen minutieux."
"","","","ID","130000","ID","Indonesia","Indonésie","1","1427377339","2015-03-26 09:42:19","2015-03-26T09:42:19.0065324-04:00","0","1","1","Regular text update","Indonesia","indonesia","March 26, 2015 9:42 EST","Exercise a high degree of caution (with regional advisories)","A hyperlink was added.","Indonésie","indonesie","26 mars 2015 9:42 HNE","Faire preuve d’une grande prudence (avec avertissements régionaux)","Un hyperlien a été ajouté."
"","","","IR","132000","IR","Iran","Iran","3","1427399539","2015-03-26 15:52:19","2015-03-26T15:52:19.9132701-04:00","1","0","1","Editorial change","Iran","iran","March 26, 2015 15:52 EST","Avoid all travel","A minor editorial change was made.","Iran","iran","26 mars 2015 15:52 HNE","Éviter tout voyage","Un changement mineur a été apporté au texte."
"","","","IQ","133000","IQ","Iraq","Iraq","3","1427377339","2015-03-26 09:42:19","2015-03-26T09:42:19.0065324-04:00","1","1","1","Editorial change","Iraq","iraq","March 26, 2015 9:42 EST","Avoid all travel (with regional advisories)","A hyperlink was added.","Iraq","iraq","26 mars 2015 9:42 HNE","Éviter tout voyage (avec avertissements régionaux)","Un hyperlien a été ajouté."
"","","","IE","134000","IE","Ireland","Irlande","0","1424982993","2015-02-26 15:36:33","2015-02-26T15:36:33.8205568-05:00","0","0","1","Editorial change","Ireland","ireland","February 26, 2015 15:36 EST","Exercise normal security precautions","A minor editorial change was made.","Irlande","irlande","26 février 2015 15:36 HNE","Prendre des mesures de sécurité normales","Un changement mineur a été apporté au texte."
"","","","IL","135000","IL","Israel, the West Bank and the Gaza Strip","Israël, la Cisjordanie et la bande de Gaza","1","1427377339","2015-03-26 09:42:19","2015-03-26T09:42:19.0065324-04:00","0","1","1","Editorial change","Israel, the West Bank and the Gaza Strip","israel-the-west-bank-and-the-gaza-strip","March 26, 2015 9:42 EST","Exercise a high degree of caution (with regional advisories)","A hyperlink was added.","Israël, la Cisjordanie et la bande de Gaza","israel-la-cisjordanie-et-la-bande-de-gaza","26 mars 2015 9:42 HNE","Faire preuve d’une grande prudence (avec avertissements régionaux)","Un hyperlien a été ajouté."
"","","","IT","136000","IT","Italy","Italie","0","1424982993","2015-02-26 15:36:33","2015-02-26T15:36:33.8205568-05:00","0","0","1","Regular text update","Italy","italy","February 26, 2015 15:36 EST","Exercise normal security precautions","A minor editorial change was made.","Italie","italie","26 février 2015 15:36 HNE","Prendre des mesures de sécurité normales","Un changement mineur a été apporté au texte."
"","","","JM","138000","JM","Jamaica","Jamaïque","1","1424982993","2015-02-26 15:36:33","2015-02-26T15:36:33.8205568-05:00","0","0","1","Editorial change","Jamaica","jamaica","February 26, 2015 15:36 EST","Exercise a high degree of caution","A minor editorial change was made.","Jamaïque","jamaique","26 février 2015 15:36 HNE","Faire preuve d’une grande prudence","Un changement mineur a été apporté au texte."
"","","","JP","140000","JP","Japan","Japon","0","1424982993","2015-02-26 15:36:33","2015-02-26T15:36:33.8205568-05:00","0","1","1","Editorial change","Japan","japan","February 26, 2015 15:36 EST","Exercise normal security precautions (with regional advisories)","A minor editorial change was made.","Japon","japon","26 février 2015 15:36 HNE","Prendre des mesures de sécurité normales (avec avertissements régionaux)","Un changement mineur a été apporté au texte."
"","","","JO","144000","JO","Jordan","Jordanie","1","1427377339","2015-03-26 09:42:19","2015-03-26T09:42:19.0065324-04:00","0","1","1","Regular text update","Jordan","jordan","March 26, 2015 9:42 EST","Exercise a high degree of caution (with regional advisories)","A hyperlink was added.","Jordanie","jordanie","26 mars 2015 9:42 HNE","Faire preuve d’une grande prudence (avec avertissements régionaux)","Un hyperlien a été ajouté."
"","","","KZ","147000","KZ","Kazakhstan","Kazakhstan","1","1427399267","2015-03-26 15:47:47","2015-03-26T15:47:47.9653541-04:00","0","0","1","Editorial change","Kazakhstan","kazakhstan","March 26, 2015 15:47 EST","Exercise a high degree of caution","A minor editorial change was made.","Kazakhstan","kazakhstan","26 mars 2015 15:47 HNE","Faire preuve d’une grande prudence","Un changement mineur a été apporté au texte (anglais seulement)."
"","","","KE","149000","KE","Kenya","Kenya","1","1427398514","2015-03-26 15:35:14","2015-03-26T15:35:14.7732141-04:00","0","1","1","Regular text update","Kenya","kenya","March 26, 2015 15:35 EST","Exercise a high degree of caution (with regional advisories)","The Security tab was updated - terrorist threat.","Kenya","kenya","26 mars 2015 15:35 HNE","Faire preuve d’une grande prudence (avec avertissements régionaux)","L'onglet Sécurité a été mis à jour - menace terroriste."
"","","","KI","151000","KI","Kiribati","Kiribati","0","1424982993","2015-02-26 15:36:33","2015-02-26T15:36:33.8205568-05:00","0","0","1","Editorial change","Kiribati","kiribati","February 26, 2015 15:36 EST","Exercise normal security precautions","A minor editorial change was made.","Kiribati","kiribati","26 février 2015 15:36 HNE","Prendre des mesures de sécurité normales","Un changement mineur a été apporté au texte."
"","","","KP","152000","KP","Korea, North (DPRK)","Corée, Nord (RPDC)","3","1427377339","2015-03-26 09:42:19","2015-03-26T09:42:19.0065324-04:00","1","0","1","Editorial change","Korea, North (DPRK)","korea-north-dprk","March 26, 2015 9:42 EST","Avoid all travel","A hyperlink was added.","Corée, Nord (RPDC)","coree-nord-rpdc","26 mars 2015 9:42 HNE","Éviter tout voyage","Un hyperlien a été ajouté."
"","","","KR","153000","KR","Korea, South","Corée, Sud","0","1424982993","2015-02-26 15:36:33","2015-02-26T15:36:33.8205568-05:00","0","0","1","Editorial change","Korea, South","korea-south","February 26, 2015 15:36 EST","Exercise normal security precautions","A minor editorial change was made.","Corée, Sud","coree-sud","26 février 2015 15:36 HNE","Prendre des mesures de sécurité normales","Un changement mineur a été apporté au texte."
"","","","XK","154000","XK","Kosovo","Kosovo","1","1427377339","2015-03-26 09:42:19","2015-03-26T09:42:19.0065324-04:00","0","1","1","Editorial change","Kosovo","kosovo","March 26, 2015 9:42 EST","Exercise a high degree of caution (with regional advisories)","A hyperlink was added.","Kosovo","kosovo","26 mars 2015 9:42 HNE","Faire preuve d’une grande prudence (avec avertissements régionaux)","Un hyperlien a été ajouté."
"","","","KW","155000","KW","Kuwait","Koweït","1","1427377339","2015-03-26 09:42:19","2015-03-26T09:42:19.0065324-04:00","0","0","1","Editorial change","Kuwait","kuwait","March 26, 2015 9:42 EST","Exercise a high degree of caution","A hyperlink was added.","Koweït","koweit","26 mars 2015 9:42 HNE","Faire preuve d’une grande prudence","Un hyperlien a été ajouté."
"","","","KG","156000","KG","Kyrgyz Republic","République kirghize","1","1427377339","2015-03-26 09:42:19","2015-03-26T09:42:19.0065324-04:00","0","0","1","Editorial change","Kyrgyz Republic","kyrgyz-republic","March 26, 2015 9:42 EST","Exercise a high degree of caution","A hyperlink was added.","République kirghize","republique-kirghize","26 mars 2015 9:42 HNE","Faire preuve d’une grande prudence","Un hyperlien a été ajouté."
"","","","LA","157000","LA","Laos","Laos","1","1424982993","2015-02-26 15:36:33","2015-02-26T15:36:33.8205568-05:00","0","0","1","Editorial change","Laos","laos","February 26, 2015 15:36 EST","Exercise a high degree of caution","A minor editorial change was made.","Laos","laos","26 février 2015 15:36 HNE","Faire preuve d’une grande prudence","Un changement mineur a été apporté au texte."
"","","","LV","158000","LV","Latvia","Lettonie","0","1427377339","2015-03-26 09:42:19","2015-03-26T09:42:19.0065324-04:00","0","0","1","Editorial change","Latvia","latvia","March 26, 2015 9:42 EST","Exercise normal security precautions","A hyperlink was added.","Lettonie","lettonie","26 mars 2015 9:42 HNE","Prendre des mesures de sécurité normales","Un hyperlien a été ajouté."
"","","","LB","159000","LB","Lebanon","Liban","2","1427377339","2015-03-26 09:42:19","2015-03-26T09:42:19.0065324-04:00","1","1","1","Editorial change","Lebanon","lebanon","March 26, 2015 9:42 EST","Avoid non-essential travel (with regional advisories)","A hyperlink was added.","Liban","liban","26 mars 2015 9:42 HNE","Éviter tout voyage non-essentiel (avec avertissements régionaux)","Un hyperlien a été ajouté."
"","","","LS","160000","LS","Lesotho","Lesotho","1","1425482406","2015-03-04 10:20:06","2015-03-04T10:20:06.2742831-05:00","0","0","1","Regular text update","Lesotho","lesotho","March 04, 2015 10:20 EST","Exercise a high degree of caution","The Security tab was updated - elections and demonstrations.","Lesotho","lesotho","04 mars 2015 10:20 HNE","Faire preuve d’une grande prudence","L'onglet Sécurité a été mis à jour - élections et manifestations."
"","","","LR","161000","LR","Liberia","Libéria","2","1427377339","2015-03-26 09:42:19","2015-03-26T09:42:19.0065324-04:00","1","0","1","Regular text update","Liberia","liberia","March 26, 2015 9:42 EST","Avoid non-essential travel","A hyperlink was added.","Libéria","liberia","26 mars 2015 9:42 HNE","Éviter tout voyage non-essentiel","Un hyperlien a été ajouté."
"","","","LY","162000","LY","Libya","Libye","3","1427377339","2015-03-26 09:42:19","2015-03-26T09:42:19.0065324-04:00","1","0","1","Full TAA review","Libya","libya","March 26, 2015 9:42 EST","Avoid all travel","A hyperlink was added.","Libye","libye","26 mars 2015 9:42 HNE","Éviter tout voyage","Un hyperlien a été ajouté."
"","","","LI","163000","LI","Liechtenstein","Liechtenstein","0","1427377339","2015-03-26 09:42:19","2015-03-26T09:42:19.0065324-04:00","0","0","1","Editorial change","Liechtenstein","liechtenstein","March 26, 2015 9:42 EST","Exercise normal security precautions","A hyperlink was added.","Liechtenstein","liechtenstein","26 mars 2015 9:42 HNE","Prendre des mesures de sécurité normales","Un hyperlien a été ajouté."
"","","","LT","164000","LT","Lithuania","Lituanie","0","1427377339","2015-03-26 09:42:19","2015-03-26T09:42:19.0065324-04:00","0","0","1","Editorial change","Lithuania","lithuania","March 26, 2015 9:42 EST","Exercise normal security precautions","A hyperlink was added.","Lituanie","lituanie","26 mars 2015 9:42 HNE","Prendre des mesures de sécurité normales","Un hyperlien a été ajouté."
"","","","LU","166000","LU","Luxembourg","Luxembourg","0","1427377339","2015-03-26 09:42:19","2015-03-26T09:42:19.0065324-04:00","0","0","1","Editorial change","Luxembourg","luxembourg","March 26, 2015 9:42 EST","Exercise normal security precautions","A hyperlink was added.","Luxembourg","luxembourg","26 mars 2015 9:42 HNE","Prendre des mesures de sécurité normales","Un hyperlien a été ajouté."
"","","","MO","167000","MO","Macao","Macao","0","1424982993","2015-02-26 15:36:33","2015-02-26T15:36:33.8205568-05:00","0","0","1","Editorial change","Macao","macao","February 26, 2015 15:36 EST","Exercise normal security precautions","A minor editorial change was made.","Macao","macao","26 février 2015 15:36 HNE","Prendre des mesures de sécurité normales","Un changement mineur a été apporté au texte."
"","","","MK","183000","MK","Macedonia","Macédoine","0","1427377339","2015-03-26 09:42:19","2015-03-26T09:42:19.0065324-04:00","0","0","1","Editorial change","Macedonia","macedonia","March 26, 2015 9:42 EST","Exercise normal security precautions","A hyperlink was added.","Macédoine","macedoine","26 mars 2015 9:42 HNE","Prendre des mesures de sécurité normales","Un hyperlien a été ajouté."
"","","","MG","168000","MG","Madagascar","Madagascar","1","1426785698","2015-03-19 13:21:38","2015-03-19T13:21:38.2518293-04:00","0","0","1","Regular text update","Madagascar","madagascar","March 19, 2015 13:21 EST","Exercise a high degree of caution","The Natural disasters & climate tab was updated - floods.","Madagascar","madagascar","19 mars 2015 13:21 HNE","Faire preuve d’une grande prudence","L'onglet Catastrophes naturelles et climat a été mis à jour - inondations."
"","","","MW","170000","MW","Malawi","Malawi","1","1427377339","2015-03-26 09:42:19","2015-03-26T09:42:19.0065324-04:00","0","0","1","Regular text update","Malawi","malawi","March 26, 2015 9:42 EST","Exercise a high degree of caution","A hyperlink was added.","Malawi","malawi","26 mars 2015 9:42 HNE","Faire preuve d’une grande prudence","Un hyperlien a été ajouté."
"","","","MY","171000","MY","Malaysia","Malaisie","0","1427377339","2015-03-26 09:42:19","2015-03-26T09:42:19.0065324-04:00","0","1","1","Editorial change","Malaysia","malaysia","March 26, 2015 9:42 EST","Exercise normal security precautions (with regional advisories)","A hyperlink was added.","Malaisie","malaisie","26 mars 2015 9:42 HNE","Prendre des mesures de sécurité normales (avec avertissements régionaux)","Un hyperlien a été ajouté."
"","","","MV","172000","MV","Maldives","Maldives","1","1426611700","2015-03-17 13:01:40","2015-03-17T13:01:40.6199048-04:00","0","0","1","Regular text update","Maldives","maldives","March 17, 2015 13:01 EST","Exercise a high degree of caution","The Security tab was updated - demonstrations.","Maldives","maldives","17 mars 2015 13:01 HNE","Faire preuve d’une grande prudence","L'onglet Sécurité a été mis à jour - manifestations."
"","","","ML","173000","ML","Mali","Mali","1","1427377339","2015-03-26 09:42:19","2015-03-26T09:42:19.0065324-04:00","0","1","1","Regular text update","Mali","mali","March 26, 2015 9:42 EST","Exercise a high degree of caution (with regional advisories)","A hyperlink was added.","Mali","mali","26 mars 2015 9:42 HNE","Faire preuve d’une grande prudence (avec avertissements régionaux)","Un hyperlien a été ajouté."
"","","","MT","174000","MT","Malta","Malte","0","1427377339","2015-03-26 09:42:19","2015-03-26T09:42:19.0065324-04:00","0","0","1","Editorial change","Malta","malta","March 26, 2015 9:42 EST","Exercise normal security precautions","A hyperlink was added.","Malte","malte","26 mars 2015 9:42 HNE","Prendre des mesures de sécurité normales","Un hyperlien a été ajouté."
"","","","MH","176000","MH","Marshall Islands","Îles Marshall","0","1427377339","2015-03-26 09:42:19","2015-03-26T09:42:19.0065324-04:00","0","0","1","Editorial change","Marshall Islands","marshall-islands","March 26, 2015 9:42 EST","Exercise normal security precautions","A hyperlink was added.","Îles Marshall","marshall-iles","26 mars 2015 9:42 HNE","Prendre des mesures de sécurité normales","Un hyperlien a été ajouté."
"","","","MQ","179000","MQ","Martinique","Martinique","0","1427377339","2015-03-26 09:42:19","2015-03-26T09:42:19.0065324-04:00","0","0","1","Editorial change","Martinique","martinique","March 26, 2015 9:42 EST","Exercise normal security precautions","A hyperlink was added.","Martinique","martinique","26 mars 2015 9:42 HNE","Prendre des mesures de sécurité normales","Un hyperlien a été ajouté."
"","","","MR","180000","MR","Mauritania","Mauritanie","2","1424982993","2015-02-26 15:36:33","2015-02-26T15:36:33.8205568-05:00","1","1","1","Editorial change","Mauritania","mauritania","February 26, 2015 15:36 EST","Avoid non-essential travel (with regional advisories)","A minor editorial change was made.","Mauritanie","mauritanie","26 février 2015 15:36 HNE","Éviter tout voyage non-essentiel (avec avertissements régionaux)","Un changement mineur a été apporté au texte."
"","","","MU","181000","MU","Mauritius","Île Maurice","0","1424982993","2015-02-26 15:36:33","2015-02-26T15:36:33.8205568-05:00","0","0","1","","Mauritius","mauritius","February 26, 2015 15:36 EST","Exercise normal security precautions","A minor editorial change was made.","Île Maurice","maurice-ile","26 février 2015 15:36 HNE","Prendre des mesures de sécurité normales","Un changement mineur a été apporté au texte."
"","","","YT","348031","YT","Mayotte","Mayotte","0","1424982993","2015-02-26 15:36:33","2015-02-26T15:36:33.8205568-05:00","0","0","1","Editorial change","Mayotte","mayotte","February 26, 2015 15:36 EST","Exercise normal security precautions","A minor editorial change was made.","Mayotte","mayotte","26 février 2015 15:36 HNE","Prendre des mesures de sécurité normales","Un changement mineur a été apporté au texte."
"","","","MX","184000","MX","Mexico","Mexique","1","1425316643","2015-03-02 12:17:23","2015-03-02T12:17:23.7547096-05:00","0","1","1","Editorial change","Mexico","mexico","March 02, 2015 12:17 EST","Exercise a high degree of caution (with regional advisories)","A minor editorial change was made.","Mexique","mexique","02 mars 2015 12:17 HNE","Faire preuve d’une grande prudence (avec avertissements régionaux)","Un changement mineur a été apporté au texte."
"","","","FM","186000","FM","Micronesia (FSM)","Micronésie (EFM)","0","1427377339","2015-03-26 09:42:19","2015-03-26T09:42:19.0065324-04:00","0","0","1","Editorial change","Micronesia (FSM)","micronesia-fsm","March 26, 2015 9:42 EST","Exercise normal security precautions","A hyperlink was added.","Micronésie (EFM)","micronesie-efm","26 mars 2015 9:42 HNE","Prendre des mesures de sécurité normales","Un hyperlien a été ajouté."
"","","","MD","191000","MD","Moldova","Moldova","0","1424982993","2015-02-26 15:36:33","2015-02-26T15:36:33.8205568-05:00","0","1","1","Editorial change","Moldova","moldova","February 26, 2015 15:36 EST","Exercise normal security precautions (with regional advisories)","A minor editorial change was made.","Moldova","moldova","26 février 2015 15:36 HNE","Prendre des mesures de sécurité normales (avec avertissements régionaux)","Un changement mineur a été apporté au texte."
"","","","MC","192000","MC","Monaco","Monaco","0","1424982993","2015-02-26 15:36:33","2015-02-26T15:36:33.8205568-05:00","0","0","1","Editorial change","Monaco","monaco","February 26, 2015 15:36 EST","Exercise normal security precautions","A minor editorial change was made.","Monaco","monaco","26 février 2015 15:36 HNE","Prendre des mesures de sécurité normales","Un changement mineur a été apporté au texte."
"","","","MN","193000","MN","Mongolia","Mongolie","1","1427377339","2015-03-26 09:42:19","2015-03-26T09:42:19.0065324-04:00","0","0","1","Editorial change","Mongolia","mongolia","March 26, 2015 9:42 EST","Exercise a high degree of caution","A hyperlink was added.","Mongolie","mongolie","26 mars 2015 9:42 HNE","Faire preuve d’une grande prudence","Un hyperlien a été ajouté."
"","","","ME","348000","ME","Montenegro","Monténégro","0","1427377339","2015-03-26 09:42:19","2015-03-26T09:42:19.0065324-04:00","0","0","1","Editorial change","Montenegro","montenegro","March 26, 2015 9:42 EST","Exercise normal security precautions","A hyperlink was added.","Monténégro","montenegro","26 mars 2015 9:42 HNE","Prendre des mesures de sécurité normales","Un hyperlien a été ajouté."
"","","","MS","196000","MS","Montserrat","Montserrat","0","1424982993","2015-02-26 15:36:33","2015-02-26T15:36:33.8205568-05:00","0","0","1","Editorial change","Montserrat","montserrat","February 26, 2015 15:36 EST","Exercise normal security precautions","A minor editorial change was made.","Montserrat","montserrat","26 février 2015 15:36 HNE","Prendre des mesures de sécurité normales","Un changement mineur a été apporté au texte."
"","","","MA","197000","MA","Morocco","Maroc","1","1427377339","2015-03-26 09:42:19","2015-03-26T09:42:19.0065324-04:00","0","0","1","Editorial change","Morocco","morocco","March 26, 2015 9:42 EST","Exercise a high degree of caution","A hyperlink was added.","Maroc","maroc","26 mars 2015 9:42 HNE","Faire preuve d’une grande prudence","Un hyperlien a été ajouté."
"","","","MZ","198000","MZ","Mozambique","Mozambique","1","1426102510","2015-03-11 15:35:10","2015-03-11T15:35:10.598101-04:00","0","0","1","Regular text update","Mozambique","mozambique","March 11, 2015 15:35 EST","Exercise a high degree of caution","The Natural disasters and climate tab was updated - removal of flooding information.","Mozambique","mozambique","11 mars 2015 15:35 HNE","Faire preuve d’une grande prudence","L'onglet Catastrophes naturelles et climat a été mis à jour - retrait de l'information sur les inondations."
"","","","NA","201000","NA","Namibia","Namibie","1","1424982993","2015-02-26 15:36:33","2015-02-26T15:36:33.8205568-05:00","0","0","1","Editorial change","Namibia","namibia","February 26, 2015 15:36 EST","Exercise a high degree of caution","A minor editorial change was made.","Namibie","namibie","26 février 2015 15:36 HNE","Faire preuve d’une grande prudence","Un changement mineur a été apporté au texte."
"","","","NR","202000","NR","Nauru","Nauru","0","1424982993","2015-02-26 15:36:33","2015-02-26T15:36:33.8205568-05:00","0","0","1","Editorial change","Nauru","nauru","February 26, 2015 15:36 EST","Exercise normal security precautions","A minor editorial change was made.","Nauru","nauru","26 février 2015 15:36 HNE","Prendre des mesures de sécurité normales","Un changement mineur a été apporté au texte."
"","","","NP","205000","NP","Nepal","Népal","1","1427377339","2015-03-26 09:42:19","2015-03-26T09:42:19.0065324-04:00","0","0","1","Editorial change","Nepal","nepal","March 26, 2015 9:42 EST","Exercise a high degree of caution","A hyperlink was added.","Népal","nepal","26 mars 2015 9:42 HNE","Faire preuve d’une grande prudence","Un hyperlien a été ajouté."
"","","","NL","206000","NL","Netherlands","Pays-Bas","0","1424982993","2015-02-26 15:36:33","2015-02-26T15:36:33.8205568-05:00","0","0","1","Editorial change","Netherlands","netherlands","February 26, 2015 15:36 EST","Exercise normal security precautions","A minor editorial change was made.","Pays-Bas","pays-bas","26 février 2015 15:36 HNE","Prendre des mesures de sécurité normales","Un changement mineur a été apporté au texte."
"","","","NC","338000","NC","New Caledonia","Nouvelle-Calédonie","0","1427377339","2015-03-26 09:42:19","2015-03-26T09:42:19.0065324-04:00","0","0","1","Editorial change","New Caledonia","new-caledonia","March 26, 2015 9:42 EST","Exercise normal security precautions","A hyperlink was added.","Nouvelle-Calédonie","nouvelle-caledonie","26 mars 2015 9:42 HNE","Prendre des mesures de sécurité normales","Un hyperlien a été ajouté."
"","","","NZ","215000","NZ","New Zealand","Nouvelle-Zélande","0","1427377339","2015-03-26 09:42:19","2015-03-26T09:42:19.0065324-04:00","0","0","1","Editorial change","New Zealand","new-zealand","March 26, 2015 9:42 EST","Exercise normal security precautions","A hyperlink was added.","Nouvelle-Zélande","nouvelle-zelande","26 mars 2015 9:42 HNE","Prendre des mesures de sécurité normales","Un hyperlien a été ajouté."
"","","","NI","216000","NI","Nicaragua","Nicaragua","1","1427377339","2015-03-26 09:42:19","2015-03-26T09:42:19.0065324-04:00","0","0","1","Editorial change","Nicaragua","nicaragua","March 26, 2015 9:42 EST","Exercise a high degree of caution","A hyperlink was added.","Nicaragua","nicaragua","26 mars 2015 9:42 HNE","Faire preuve d’une grande prudence","Un hyperlien a été ajouté."
"","","","NE","217000","NE","Niger","Niger","3","1425482587","2015-03-04 10:23:07","2015-03-04T10:23:07.7693367-05:00","1","1","1","Editorial change","Niger","niger","March 04, 2015 10:23 EST","Avoid all travel (with regional advisories)","The Assistance tab was updated - Embassy of Canada to Mali's new telephone and fax numbers.","Niger","niger","04 mars 2015 10:23 HNE","Éviter tout voyage (avec avertissements régionaux)","L'onglet Assistance a été mis à jour - nouveaux numéros de téléphone et de télécopieur de l'ambassade du Canada au Mali."
"","","","NG","218000","NG","Nigeria","Nigéria","2","1427922500","2015-04-01 17:08:20","2015-04-01T17:08:20.8319462-04:00","1","1","1","Regular text update","Nigeria","nigeria","April 01, 2015 17:08 EST","Avoid non-essential travel (with regional advisories)","The Security tab was updated - elections results.","Nigéria","nigeria","01 avril 2015 17:08 HNE","Éviter tout voyage non-essentiel (avec avertissements régionaux)","L'onglet Sécurité a été mis à jour - résultats électoraux."
"","","","NU","219000","NU","Niue","Niue","0","1427377339","2015-03-26 09:42:19","2015-03-26T09:42:19.0065324-04:00","0","0","1","Editorial change","Niue","niue","March 26, 2015 9:42 EST","Exercise normal security precautions","A hyperlink was added.","Niue","niue","26 mars 2015 9:42 HNE","Prendre des mesures de sécurité normales","Un hyperlien a été ajouté."
"","","","MP","224000","MP","Northern Marianas","Îles Mariannes du Nord","0","1425680207","2015-03-06 17:16:47","2015-03-06T17:16:47.3506522-05:00","0","0","1","Editorial change","Northern Marianas","northern-marianas","March 06, 2015 17:16 EST","Exercise normal security precautions","A minor editorial change was made.","Îles Mariannes du Nord","mariannes-du-nord-iles","06 mars 2015 17:16 HNE","Prendre des mesures de sécurité normales","Un changement mineur a été apporté au texte."
"","","","NO","225000","NO","Norway","Norvège","0","1424982993","2015-02-26 15:36:33","2015-02-26T15:36:33.8205568-05:00","0","0","1","Editorial change","Norway","norway","February 26, 2015 15:36 EST","Exercise normal security precautions","A minor editorial change was made.","Norvège","norvege","26 février 2015 15:36 HNE","Prendre des mesures de sécurité normales","Un changement mineur a été apporté au texte."
"","","","OM","199000","OM","Oman","Oman","1","1424982993","2015-02-26 15:36:33","2015-02-26T15:36:33.8205568-05:00","0","0","1","","Oman","oman","February 26, 2015 15:36 EST","Exercise a high degree of caution","A minor editorial change was made.","Oman","oman","26 février 2015 15:36 HNE","Faire preuve d’une grande prudence","Un changement mineur a été apporté au texte."
"","","","PK","229000","PK","Pakistan","Pakistan","2","1427377339","2015-03-26 09:42:19","2015-03-26T09:42:19.0065324-04:00","1","1","1","Editorial change","Pakistan","pakistan","March 26, 2015 9:42 EST","Avoid non-essential travel (with regional advisories)","A hyperlink was added.","Pakistan","pakistan","26 mars 2015 9:42 HNE","Éviter tout voyage non-essentiel (avec avertissements régionaux)","Un hyperlien a été ajouté."
"","","","PW","230000","PW","Palau","Palaos","0","1427377339","2015-03-26 09:42:19","2015-03-26T09:42:19.0065324-04:00","0","0","1","Editorial change","Palau","palau","March 26, 2015 9:42 EST","Exercise normal security precautions","A hyperlink was added.","Palaos","palaos","26 mars 2015 9:42 HNE","Prendre des mesures de sécurité normales","Un hyperlien a été ajouté."
"","","","PA","233000","PA","Panama","Panama","0","1427377339","2015-03-26 09:42:19","2015-03-26T09:42:19.0065324-04:00","0","1","1","Editorial change","Panama","panama","March 26, 2015 9:42 EST","Exercise normal security precautions (with regional advisories)","A hyperlink was added.","Panama","panama","26 mars 2015 9:42 HNE","Prendre des mesures de sécurité normales (avec avertissements régionaux)","Un hyperlien a été ajouté."
"","","","PG","234000","PG","Papua New Guinea","Papouasie-Nouvelle-Guinée","1","1427377339","2015-03-26 09:42:19","2015-03-26T09:42:19.0065324-04:00","0","0","1","Editorial change","Papua New Guinea","papua-new-guinea","March 26, 2015 9:42 EST","Exercise a high degree of caution","A hyperlink was added.","Papouasie-Nouvelle-Guinée","papouasie-nouvelle-guinee","26 mars 2015 9:42 HNE","Faire preuve d’une grande prudence","Un hyperlien a été ajouté."
"","","","PY","236000","PY","Paraguay","Paraguay","1","1427377339","2015-03-26 09:42:19","2015-03-26T09:42:19.0065324-04:00","0","0","1","","Paraguay","paraguay","March 26, 2015 9:42 EST","Exercise a high degree of caution","A hyperlink was added.","Paraguay","paraguay","26 mars 2015 9:42 HNE","Faire preuve d’une grande prudence","Un hyperlien a été ajouté."
"","","","PE","238000","PE","Peru","Pérou","1","1427377339","2015-03-26 09:42:19","2015-03-26T09:42:19.0065324-04:00","0","1","1","Editorial change","Peru","peru","March 26, 2015 9:42 EST","Exercise a high degree of caution (with regional advisories)","A hyperlink was added.","Pérou","perou","26 mars 2015 9:42 HNE","Faire preuve d’une grande prudence (avec avertissements régionaux)","Un hyperlien a été ajouté."
"","","","PH","239000","PH","Philippines","Philippines","1","1427907158","2015-04-01 12:52:38","2015-04-01T12:52:38.6090834-04:00","0","1","1","Regular text update","Philippines","philippines","April 01, 2015 12:52 EST","Exercise a high degree of caution (with regional advisories)","The Natural disasters and climate tab was updated - Typhoon Maysak.","Philippines","philippines","01 avril 2015 12:52 HNE","Faire preuve d’une grande prudence (avec avertissements régionaux)","L'onglet Catastrophes naturelles et climat a été mis à jour - typhon Maysak."
"","","","PL","241000","PL","Poland","Pologne","0","1427377339","2015-03-26 09:42:19","2015-03-26T09:42:19.0065324-04:00","0","0","1","Editorial change","Poland","poland","March 26, 2015 9:42 EST","Exercise normal security precautions","A hyperlink was added.","Pologne","pologne","26 mars 2015 9:42 HNE","Prendre des mesures de sécurité normales","Un hyperlien a été ajouté."
"","","","PT","242000","PT","Portugal","Portugal","0","1427377339","2015-03-26 09:42:19","2015-03-26T09:42:19.0065324-04:00","0","0","1","Editorial change","Portugal","portugal","March 26, 2015 9:42 EST","Exercise normal security precautions","A hyperlink was added.","Portugal","portugal","26 mars 2015 9:42 HNE","Prendre des mesures de sécurité normales","Un hyperlien a été ajouté."
"","","","PR","243000","PR","Puerto Rico","Porto Rico","0","1425680334","2015-03-06 17:18:54","2015-03-06T17:18:54.8527214-05:00","0","0","1","Editorial change","Puerto Rico","puerto-rico","March 06, 2015 17:18 EST","Exercise normal security precautions","An editorial change has been made.","Porto Rico","puerto-rico","06 mars 2015 17:18 HNE","Prendre des mesures de sécurité normales","Un changement mineur a été apporté au texte."
"","","","QA","244000","QA","Qatar","Qatar","1","1427377339","2015-03-26 09:42:19","2015-03-26T09:42:19.0065324-04:00","0","0","1","Editorial change","Qatar","qatar","March 26, 2015 9:42 EST","Exercise a high degree of caution","A hyperlink was added.","Qatar","qatar","26 mars 2015 9:42 HNE","Faire preuve d’une grande prudence","Un hyperlien a été ajouté."
"","","","CG","63000","CG","Republic of Congo (Brazzaville)","République du Congo (Brazzaville)","2","1424982993","2015-02-26 15:36:33","2015-02-26T15:36:33.8205568-05:00","1","0","1","Editorial change","Republic of Congo (Brazzaville)","congo-brazzaville","February 26, 2015 15:36 EST","Avoid non-essential travel","A minor editorial change was made.","République du Congo (Brazzaville)","congo-brazzaville","26 février 2015 15:36 HNE","Éviter tout voyage non-essentiel","Un changement mineur a été apporté au texte."
"","","","RO","248000","RO","Romania","Roumanie","0","1427377339","2015-03-26 09:42:19","2015-03-26T09:42:19.0065324-04:00","0","0","1","Editorial change","Romania","romania","March 26, 2015 9:42 EST","Exercise normal security precautions","A hyperlink was added.","Roumanie","roumanie","26 mars 2015 9:42 HNE","Prendre des mesures de sécurité normales","Un hyperlien a été ajouté."
"","","","RU","249000","RU","Russia","Russie","1","1427377339","2015-03-26 09:42:19","2015-03-26T09:42:19.0065324-04:00","0","1","1","Editorial change","Russia","russia","March 26, 2015 9:42 EST","Exercise a high degree of caution (with regional advisories)","A hyperlink was added.","Russie","russie","26 mars 2015 9:42 HNE","Faire preuve d’une grande prudence (avec avertissements régionaux)","Un hyperlien a été ajouté."
"","","","RW","250000","RW","Rwanda","Rwanda","1","1427377339","2015-03-26 09:42:19","2015-03-26T09:42:19.0065324-04:00","0","0","1","Editorial change","Rwanda","rwanda","March 26, 2015 9:42 EST","Exercise a high degree of caution","A hyperlink was added.","Rwanda","rwanda","26 mars 2015 9:42 HNE","Faire preuve d’une grande prudence","Un hyperlien a été ajouté."
"","","","BL","348033","BL","Saint-Barthélemy","Saint-Barthélemy","0","1427377339","2015-03-26 09:42:19","2015-03-26T09:42:19.0065324-04:00","0","0","1","Editorial change","Saint-Barthélemy","saint-barthelemy","March 26, 2015 9:42 EST","Exercise normal security precautions","A hyperlink was added.","Saint-Barthélemy","saint-barthelemy","26 mars 2015 9:42 HNE","Prendre des mesures de sécurité normales","Un hyperlien a été ajouté."
"","","","KN","252000","KN","Saint Kitts and Nevis","Saint-Kitts-et-Nevis","0","1427377339","2015-03-26 09:42:19","2015-03-26T09:42:19.0065324-04:00","0","0","1","Editorial change","Saint Kitts and Nevis","saint-kitts-and-nevis","March 26, 2015 9:42 EST","Exercise normal security precautions","A hyperlink was added.","Saint-Kitts-et-Nevis","saint-kitts-et-nevis","26 mars 2015 9:42 HNE","Prendre des mesures de sécurité normales","Un hyperlien a été ajouté."
"","","","LC","253000","LC","Saint Lucia","Sainte-Lucie","1","1427377339","2015-03-26 09:42:19","2015-03-26T09:42:19.0065324-04:00","0","0","1","Editorial change","Saint Lucia","saint-lucia","March 26, 2015 9:42 EST","Exercise a high degree of caution","A hyperlink was added.","Sainte-Lucie","sainte-lucie","26 mars 2015 9:42 HNE","Faire preuve d’une grande prudence","Un hyperlien a été ajouté."
"","","","MF","337000","MF","Saint Martin","Saint-Martin","0","1427377339","2015-03-26 09:42:19","2015-03-26T09:42:19.0065324-04:00","0","0","1","Editorial change","Saint Martin","saint-martin","March 26, 2015 9:42 EST","Exercise normal security precautions","A hyperlink was added.","Saint-Martin","saint-martin","26 mars 2015 9:42 HNE","Prendre des mesures de sécurité normales","Un hyperlien a été ajouté."
"","","","PM","254000","PM","Saint-Pierre-et-Miquelon","Saint-Pierre-et-Miquelon","0","1425680844","2015-03-06 17:27:24","2015-03-06T17:27:24.9858014-05:00","0","0","1","Editorial change","Saint-Pierre-et-Miquelon","saint-pierre-et-miquelon","March 06, 2015 17:27 EST","Exercise normal security precautions","A minor editorial change was made.","Saint-Pierre-et-Miquelon","saint-pierre-et-miquelon","06 mars 2015 17:27 HNE","Prendre des mesures de sécurité normales","Un changement mineur a été apporté au texte."
"","","","VC","255000","VC","Saint Vincent & the Grenadines","Saint-Vincent-et-Grenadines","0","1427377339","2015-03-26 09:42:19","2015-03-26T09:42:19.0065324-04:00","0","0","1","Editorial change","Saint Vincent & the Grenadines","saint-vincent-the-grenadines","March 26, 2015 9:42 EST","Exercise normal security precautions","A hyperlink was added.","Saint-Vincent-et-Grenadines","saint-vincent-et-grenadines","26 mars 2015 9:42 HNE","Prendre des mesures de sécurité normales","Un hyperlien a été ajouté."
"","","","WS","327000","WS","Samoa","Samoa","0","1427377339","2015-03-26 09:42:19","2015-03-26T09:42:19.0065324-04:00","0","0","1","Editorial change","Samoa","samoa","March 26, 2015 9:42 EST","Exercise normal security precautions","A hyperlink was added.","Samoa","samoa","26 mars 2015 9:42 HNE","Prendre des mesures de sécurité normales","Un hyperlien a été ajouté."
"","","","SM","256000","SM","San Marino","Saint-Marin","0","1424982993","2015-02-26 15:36:33","2015-02-26T15:36:33.8205568-05:00","0","0","1","Editorial change","San Marino","san-marino","February 26, 2015 15:36 EST","Exercise normal security precautions","A minor editorial change was made.","Saint-Marin","saint-marin","26 février 2015 15:36 HNE","Prendre des mesures de sécurité normales","Un changement mineur a été apporté au texte."
"","","","ST","257000","ST","São Tomé and Principe","São Tomé-et-Principe","0","1427377339","2015-03-26 09:42:19","2015-03-26T09:42:19.0065324-04:00","0","0","1","Editorial change","São Tomé and Principe","sao-tome-and-principe","March 26, 2015 9:42 EST","Exercise normal security precautions","A hyperlink was added.","São Tomé-et-Principe","sao-tome-et-principe","26 mars 2015 9:42 HNE","Prendre des mesures de sécurité normales","Un hyperlien a été ajouté."
"","","","SA","258000","SA","Saudi Arabia","Arabie saoudite","1","1427831552","2015-03-31 15:52:32","2015-03-31T15:52:32.485953-04:00","0","0","1","Regular text update","Saudi Arabia","saudi-arabia","March 31, 2015 15:52 EST","Exercise a high degree of caution","The Security tab was updated - southwestern border area with Yemen.","Arabie saoudite","arabie-saoudite","31 mars 2015 15:52 HNE","Faire preuve d’une grande prudence","L'onglet Sécurité a été mis à jour - région frontalière avec le Yémen dans le sud-ouest du pays."
"","","","SN","260000","SN","Senegal","Sénégal","1","1427377339","2015-03-26 09:42:19","2015-03-26T09:42:19.0065324-04:00","0","1","1","Editorial change","Senegal","senegal","March 26, 2015 9:42 EST","Exercise a high degree of caution (with regional advisories)","A hyperlink was added.","Sénégal","senegal","26 mars 2015 9:42 HNE","Faire preuve d’une grande prudence (avec avertissements régionaux)","Un hyperlien a été ajouté."
"","","","RS","195500","RS","Serbia","Serbie","0","1424982993","2015-02-26 15:36:33","2015-02-26T15:36:33.8205568-05:00","0","0","1","Editorial change","Serbia","serbia","February 26, 2015 15:36 EST","Exercise normal security precautions","A minor editorial change was made.","Serbie","serbie","26 février 2015 15:36 HNE","Prendre des mesures de sécurité normales","Un changement mineur a été apporté au texte."
"","","","SC","262000","SC","Seychelles","Seychelles","0","1424982993","2015-02-26 15:36:33","2015-02-26T15:36:33.8205568-05:00","0","0","1","Editorial change","Seychelles","seychelles","February 26, 2015 15:36 EST","Exercise normal security precautions","A minor editorial change was made.","Seychelles","seychelles","26 février 2015 15:36 HNE","Prendre des mesures de sécurité normales","Un changement mineur a été apporté au texte."
"","","","SL","263000","SL","Sierra Leone","Sierra Leone","2","1427922697","2015-04-01 17:11:37","2015-04-01T17:11:37.134296-04:00","1","0","1","Regular text update","Sierra Leone","sierra-leone","April 01, 2015 17:11 EST","Avoid non-essential travel","The Security tab was updated - Ebola","Sierra Leone","sierra-leone","01 avril 2015 17:11 HNE","Éviter tout voyage non-essentiel","L'onglet Sécurité a été mis à jour - Ebola."
"","","","SG","265000","SG","Singapore","Singapour","0","1424982993","2015-02-26 15:36:33","2015-02-26T15:36:33.8205568-05:00","0","0","1","Editorial change","Singapore","singapore","February 26, 2015 15:36 EST","Exercise normal security precautions","A minor editorial change was made.","Singapour","singapour","26 février 2015 15:36 HNE","Prendre des mesures de sécurité normales","Un changement mineur a été apporté au texte."
"","","","SX","337500","SX","Sint Maarten","Sint Maarten","0","1424982993","2015-02-26 15:36:33","2015-02-26T15:36:33.8205568-05:00","0","0","1","Editorial change","Sint Maarten","sint-maarten","February 26, 2015 15:36 EST","Exercise normal security precautions","A minor editorial change was made.","Sint Maarten","sint-maarten","26 février 2015 15:36 HNE","Prendre des mesures de sécurité normales","Un changement mineur a été apporté au texte."
"","","","SK","266000","SK","Slovakia","Slovaquie","0","1427377339","2015-03-26 09:42:19","2015-03-26T09:42:19.0065324-04:00","0","0","1","Editorial change","Slovakia","slovakia","March 26, 2015 9:42 EST","Exercise normal security precautions","A hyperlink was added.","Slovaquie","slovaquie","26 mars 2015 9:42 HNE","Prendre des mesures de sécurité normales","Un hyperlien a été ajouté."
"","","","SI","267000","SI","Slovenia","Slovénie","0","1427377339","2015-03-26 09:42:19","2015-03-26T09:42:19.0065324-04:00","0","0","1","Editorial change","Slovenia","slovenia","March 26, 2015 9:42 EST","Exercise normal security precautions","A hyperlink was added.","Slovénie","slovenie","26 mars 2015 9:42 HNE","Prendre des mesures de sécurité normales","Un hyperlien a été ajouté."
"","","","SB","268000","SB","Solomon Islands","Îles Salomon","1","1427377339","2015-03-26 09:42:19","2015-03-26T09:42:19.0065324-04:00","0","0","1","Editorial change","Solomon Islands","solomon-islands","March 26, 2015 9:42 EST","Exercise a high degree of caution","A hyperlink was added.","Îles Salomon","salomon-iles","26 mars 2015 9:42 HNE","Faire preuve d’une grande prudence","Un hyperlien a été ajouté."
"","","","SO","269000","SO","Somalia","Somalie","3","1424982993","2015-02-26 15:36:33","2015-02-26T15:36:33.8205568-05:00","1","0","1","Regular text update","Somalia","somalia","February 26, 2015 15:36 EST","Avoid all travel","A minor editorial change was made.","Somalie","somalie","26 février 2015 15:36 HNE","Éviter tout voyage","Un changement mineur a été apporté au texte."
"","","","ZA","270000","ZA","South Africa","Afrique du Sud","1","1426250340","2015-03-13 08:39:00","2015-03-13T08:39:00.3310018-04:00","0","0","1","Regular text update","South Africa","south-africa","March 13, 2015 8:39 EST","Exercise a high degree of caution","The Natural disasters & climate tab was updated - removal of information on wildfires near Cape Town.","Afrique du Sud","afrique-du-sud","13 mars 2015 8:39 HNE","Faire preuve d’une grande prudence","L'onglet Catastrophes naturelles et climat a été mis à jour - retrait des renseignements au sujet des incendies de forêt près du Cap."
"","","","SS","348030","SS","South Sudan","Soudan du Sud","3","1427229698","2015-03-24 16:41:38","2015-03-24T16:41:38.1598823-04:00","1","0","1","Regular text update","South Sudan","south-sudan","March 24, 2015 16:41 EST","Avoid all travel","The Security tab was updated - crime.","Soudan du Sud","sudan-du-sud","24 mars 2015 16:41 HNE","Éviter tout voyage","L'onglet Sécurité a été mis à jour - criminalité."
"","","","ES","274000","ES","Spain","Espagne","0","1427377339","2015-03-26 09:42:19","2015-03-26T09:42:19.0065324-04:00","0","0","1","Editorial change","Spain","spain","March 26, 2015 9:42 EST","Exercise normal security precautions","A hyperlink was added.","Espagne","espagne","26 mars 2015 9:42 HNE","Prendre des mesures de sécurité normales","Un hyperlien a été ajouté."
"","","","LK","276000","LK","Sri Lanka","Sri Lanka","1","1427377339","2015-03-26 09:42:19","2015-03-26T09:42:19.0065324-04:00","0","0","1","Editorial change","Sri Lanka","sri-lanka","March 26, 2015 9:42 EST","Exercise a high degree of caution","A hyperlink was added.","Sri Lanka","sri-lanka","26 mars 2015 9:42 HNE","Faire preuve d’une grande prudence","Un hyperlien a été ajouté."
"","","","SD","277000","SD","Sudan","Soudan","2","1427136105","2015-03-23 14:41:45","2015-03-23T14:41:45.3875395-04:00","1","1","1","Regular text update","Sudan","sudan","March 23, 2015 14:41 EST","Avoid non-essential travel (with regional advisories)","The Security tab was updated - elections.","Soudan","soudan","23 mars 2015 14:41 HNE","Éviter tout voyage non-essentiel (avec avertissements régionaux)","L'onglet Sécurité a été mis à jour - élections."
"","","","SR","278000","SR","Suriname","Suriname","1","1427377339","2015-03-26 09:42:19","2015-03-26T09:42:19.0065324-04:00","0","0","1","Editorial change","Suriname","suriname","March 26, 2015 9:42 EST","Exercise a high degree of caution","A hyperlink was added.","Suriname","suriname","26 mars 2015 9:42 HNE","Faire preuve d’une grande prudence","Un hyperlien a été ajouté."
"","","","SZ","280000","SZ","Swaziland","Swaziland","1","1427377339","2015-03-26 09:42:19","2015-03-26T09:42:19.0065324-04:00","0","0","1","Editorial change","Swaziland","swaziland","March 26, 2015 9:42 EST","Exercise a high degree of caution","A hyperlink was added.","Swaziland","swaziland","26 mars 2015 9:42 HNE","Faire preuve d’une grande prudence","Un hyperlien a été ajouté."
"","","","SE","281000","SE","Sweden","Suède","0","1427133555","2015-03-23 13:59:15","2015-03-23T13:59:15.0334-04:00","0","0","1","Regular text update","Sweden","sweden","March 23, 2015 13:59 EST","Exercise normal security precautions","The Security tab was updated - crime, attack in Gothenburg.","Suède","suede","23 mars 2015 13:59 HNE","Prendre des mesures de sécurité normales","L'onglet Sécurité a été mis à jour - criminalité, attaque à Göteborg."
"","","","CH","282000","CH","Switzerland","Suisse","0","1427377339","2015-03-26 09:42:19","2015-03-26T09:42:19.0065324-04:00","0","0","1","Regular text update","Switzerland","switzerland","March 26, 2015 9:42 EST","Exercise normal security precautions","A hyperlink was added.","Suisse","suisse","26 mars 2015 9:42 HNE","Prendre des mesures de sécurité normales","Un hyperlien a été ajouté."
"","","","SY","283000","SY","Syria","Syrie","3","1427377339","2015-03-26 09:42:19","2015-03-26T09:42:19.0065324-04:00","1","0","1","Editorial change","Syria","syria","March 26, 2015 9:42 EST","Avoid all travel","A hyperlink was added.","Syrie","syrie","26 mars 2015 9:42 HNE","Éviter tout voyage","Un hyperlien a été ajouté."
"","","","TW","284000","TW","Taiwan","Taïwan","0","1424982993","2015-02-26 15:36:33","2015-02-26T15:36:33.8205568-05:00","0","0","1","Editorial change","Taiwan","taiwan","February 26, 2015 15:36 EST","Exercise normal security precautions","A minor editorial change was made.","Taïwan","taiwan","26 février 2015 15:36 HNE","Prendre des mesures de sécurité normales","Un changement mineur a été apporté au texte."
"","","","TJ","285000","TJ","Tajikistan","Tadjikistan","1","1427377339","2015-03-26 09:42:19","2015-03-26T09:42:19.0065324-04:00","0","1","1","Editorial change","Tajikistan","tajikistan","March 26, 2015 9:42 EST","Exercise a high degree of caution (with regional advisories)","A hyperlink was added.","Tadjikistan","tadjikistan","26 mars 2015 9:42 HNE","Faire preuve d’une grande prudence (avec avertissements régionaux)","Un hyperlien a été ajouté."
"","","","TZ","286000","TZ","Tanzania","Tanzanie","1","1427377339","2015-03-26 09:42:19","2015-03-26T09:42:19.0065324-04:00","0","0","1","Editorial change","Tanzania","tanzania","March 26, 2015 9:42 EST","Exercise a high degree of caution","A hyperlink was added.","Tanzanie","tanzanie","26 mars 2015 9:42 HNE","Faire preuve d’une grande prudence","Un hyperlien a été ajouté."
"","","","TH","290000","TH","Thailand","Thaïlande","1","1427377339","2015-03-26 09:42:19","2015-03-26T09:42:19.0065324-04:00","0","1","1","Regular text update","Thailand","thailand","March 26, 2015 9:42 EST","Exercise a high degree of caution (with regional advisories)","A hyperlink was added.","Thaïlande","thailande","26 mars 2015 9:42 HNE","Faire preuve d’une grande prudence (avec avertissements régionaux)","Un hyperlien a été ajouté."
"","","","TL","344000","TL","Timor-Leste (East Timor)","Timor-Leste (Timor oriental)","1","1427377339","2015-03-26 09:42:19","2015-03-26T09:42:19.0065324-04:00","0","0","1","Editorial change","Timor-Leste (East Timor)","timor-leste-east-timor","March 26, 2015 9:42 EST","Exercise a high degree of caution","A hyperlink was added.","Timor-Leste (Timor oriental)","timor-leste-timor-oriental","26 mars 2015 9:42 HNE","Faire preuve d’une grande prudence","Un hyperlien a été ajouté."
"","","","TG","293000","TG","Togo","Togo","1","1427981312","2015-04-02 09:28:32","2015-04-02T09:28:32.7910234-04:00","0","0","1","Regular text update","Togo","togo","April 02, 2015 9:28 EST","Exercise a high degree of caution","The Security tab was updated - elections.","Togo","togo","02 avril 2015 9:28 HNE","Faire preuve d’une grande prudence","L'onglet Sécurité a été mis à jour - elections."
"","","","TK","294000","TK","Tokelau","Tokelau","0","1427377339","2015-03-26 09:42:19","2015-03-26T09:42:19.0065324-04:00","0","0","1","Editorial change","Tokelau","tokelau","March 26, 2015 9:42 EST","Exercise normal security precautions","A hyperlink was added.","Tokelau","tokelau","26 mars 2015 9:42 HNE","Prendre des mesures de sécurité normales","Un hyperlien a été ajouté."
"","","","TO","295000","TO","Tonga","Tonga","0","1427377339","2015-03-26 09:42:19","2015-03-26T09:42:19.0065324-04:00","0","0","1","Editorial change","Tonga","tonga","March 26, 2015 9:42 EST","Exercise normal security precautions","A hyperlink was added.","Tonga","tonga","26 mars 2015 9:42 HNE","Prendre des mesures de sécurité normales","Un hyperlien a été ajouté."
"","","","TT","297000","TT","Trinidad and Tobago","Trinité-et-Tobago","1","1424982993","2015-02-26 15:36:33","2015-02-26T15:36:33.8205568-05:00","0","0","1","Editorial change","Trinidad and Tobago","trinidad-and-tobago","February 26, 2015 15:36 EST","Exercise a high degree of caution","A minor editorial change was made.","Trinité-et-Tobago","trinite-et-tobago","26 février 2015 15:36 HNE","Faire preuve d’une grande prudence","Un changement mineur a été apporté au texte."
"","","","TN","299000","TN","Tunisia","Tunisie","1","1427377339","2015-03-26 09:42:19","2015-03-26T09:42:19.0065324-04:00","0","1","1","Regular text update","Tunisia","tunisia","March 26, 2015 9:42 EST","Exercise a high degree of caution (with regional advisories)","A hyperlink was added.","Tunisie","tunisie","26 mars 2015 9:42 HNE","Faire preuve d’une grande prudence (avec avertissements régionaux)","Un hyperlien a été ajouté."
"","","","TR","300000","TR","Turkey","Turquie","1","1424982993","2015-02-26 15:36:33","2015-02-26T15:36:33.8205568-05:00","0","1","1","Editorial change","Turkey","turkey","February 26, 2015 15:36 EST","Exercise a high degree of caution (with regional advisories)","A minor editorial change was made.","Turquie","turquie","26 février 2015 15:36 HNE","Faire preuve d’une grande prudence (avec avertissements régionaux)","Un changement mineur a été apporté au texte."
"","","","TM","301000","TM","Turkmenistan","Turkménistan","1","1427377339","2015-03-26 09:42:19","2015-03-26T09:42:19.0065324-04:00","0","0","1","Editorial change","Turkmenistan","turkmenistan","March 26, 2015 9:42 EST","Exercise a high degree of caution","A hyperlink was added.","Turkménistan","turkmenistan","26 mars 2015 9:42 HNE","Faire preuve d’une grande prudence","Un hyperlien a été ajouté."
"","","","TC","302000","TC","Turks and Caicos Islands","Îles Turques et Caïques","0","1424982993","2015-02-26 15:36:33","2015-02-26T15:36:33.8205568-05:00","0","0","1","Editorial change","Turks and Caicos Islands","turks-and-caicos-islands","February 26, 2015 15:36 EST","Exercise normal security precautions","A minor editorial change was made.","Îles Turques et Caïques","turques-et-caiques-iles","26 février 2015 15:36 HNE","Prendre des mesures de sécurité normales","Un changement mineur a été apporté au texte."
"","","","TV","303000","TV","Tuvalu","Tuvalu","0","1427377339","2015-03-26 09:42:19","2015-03-26T09:42:19.0065324-04:00","0","0","1","Editorial change","Tuvalu","tuvalu","March 26, 2015 9:42 EST","Exercise normal security precautions","A hyperlink was added.","Tuvalu","tuvalu","26 mars 2015 9:42 HNE","Prendre des mesures de sécurité normales","Un hyperlien a été ajouté."
"","","","UG","304000","UG","Uganda","Ouganda","1","1427398270","2015-03-26 15:31:10","2015-03-26T15:31:10.9686001-04:00","0","1","1","Regular text update","Uganda","uganda","March 26, 2015 15:31 EST","Exercise a high degree of caution (with regional advisories)","The Security tab was updated - terrorist threat.","Ouganda","ouganda","26 mars 2015 15:31 HNE","Faire preuve d’une grande prudence (avec avertissements régionaux)","L'onglet Sécurité a été mis à jour - menace terroriste."
"","","","UA","305000","UA","Ukraine","Ukraine","1","1427377339","2015-03-26 09:42:19","2015-03-26T09:42:19.0065324-04:00","0","1","1","Editorial change","Ukraine","ukraine","March 26, 2015 9:42 EST","Exercise a high degree of caution (with regional advisories)","A hyperlink was added.","Ukraine","ukraine","26 mars 2015 9:42 HNE","Faire preuve d’une grande prudence (avec avertissements régionaux)","Un hyperlien a été ajouté."
"","","","AE","306000","AE","United Arab Emirates","Émirats arabes unis","1","1427377339","2015-03-26 09:42:19","2015-03-26T09:42:19.0065324-04:00","0","0","1","Editorial change","United Arab Emirates","united-arab-emirates","March 26, 2015 9:42 EST","Exercise a high degree of caution","A hyperlink was added.","Émirats arabes unis","emirats-arabes-unis","26 mars 2015 9:42 HNE","Faire preuve d’une grande prudence","Un hyperlien a été ajouté."
"","","","GB","307000","GB","United Kingdom","Royaume-Uni","0","1424982993","2015-02-26 15:36:33","2015-02-26T15:36:33.8205568-05:00","0","0","1","Regular text update","United Kingdom","united-kingdom","February 26, 2015 15:36 EST","Exercise normal security precautions","A minor editorial change was made.","Royaume-Uni","royaume-uni","26 février 2015 15:36 HNE","Prendre des mesures de sécurité normales","Un changement mineur a été apporté au texte."
"","","","US","308000","US","United States","États-Unis","0","1425681203","2015-03-06 17:33:23","2015-03-06T17:33:23.545395-05:00","0","0","1","Editorial change","United States","united-states","March 06, 2015 17:33 EST","Exercise normal security precautions","A minor editorial change was made.","États-Unis","etats-unis","06 mars 2015 17:33 HNE","Prendre des mesures de sécurité normales","Un changement mineur a été apporté au texte."
"","","","UY","309000","UY","Uruguay","Uruguay","0","1427377339","2015-03-26 09:42:19","2015-03-26T09:42:19.0065324-04:00","0","0","1","Editorial change","Uruguay","uruguay","March 26, 2015 9:42 EST","Exercise normal security precautions","A hyperlink was added.","Uruguay","uruguay","26 mars 2015 9:42 HNE","Prendre des mesures de sécurité normales","Un hyperlien a été ajouté."
"","","","UZ","311000","UZ","Uzbekistan","Ouzbékistan","1","1424982993","2015-02-26 15:36:33","2015-02-26T15:36:33.8205568-05:00","0","1","1","Editorial change","Uzbekistan","uzbekistan","February 26, 2015 15:36 EST","Exercise a high degree of caution (with regional advisories)","A minor editorial change was made.","Ouzbékistan","ouzbekistan","26 février 2015 15:36 HNE","Faire preuve d’une grande prudence (avec avertissements régionaux)","Un changement mineur a été apporté au texte."
"","","","VU","312000","VU","Vanuatu","Vanuatu","0","1427395358","2015-03-26 14:42:38","2015-03-26T14:42:38.9012676-04:00","0","0","1","National advisory removed","Vanuatu","vanuatu","March 26, 2015 14:42 EST","Exercise normal security precautions","The Security (exercise normal security precautions) and Natural disasters and climate tab (tropical cyclone Pam) were updated.","Vanuatu","vanuatu","26 mars 2015 14:42 HNE","Prendre des mesures de sécurité normales","Les onglets Sécurité (prenez les mesures de sécurité normales) et Catastrophes naturelles et climat (cyclone tropical Pam) ont été mis à jour."
"","","","VE","313000","VE","Venezuela","Venezuela","1","1424982993","2015-02-26 15:36:33","2015-02-26T15:36:33.8205568-05:00","0","1","1","Regular text update","Venezuela","venezuela","February 26, 2015 15:36 EST","Exercise a high degree of caution (with regional advisories)","A minor editorial change was made.","Venezuela","venezuela","26 février 2015 15:36 HNE","Faire preuve d’une grande prudence (avec avertissements régionaux)","Un changement mineur a été apporté au texte."
"","","","VN","316000","VN","Vietnam","Vietnam","1","1424982993","2015-02-26 15:36:33","2015-02-26T15:36:33.8205568-05:00","0","0","1","Editorial change","Vietnam","vietnam","February 26, 2015 15:36 EST","Exercise a high degree of caution","A minor editorial change was made.","Vietnam","vietnam","26 février 2015 15:36 HNE","Faire preuve d’une grande prudence","Un changement mineur a été apporté au texte."
"","","","VI","318000","VI","Virgin Islands (U.S.)","Îles Vierges américaines","0","1425681335","2015-03-06 17:35:35","2015-03-06T17:35:35.992791-05:00","0","0","1","Editorial change","Virgin Islands (U.S.)","virgin-islands-u-s","March 06, 2015 17:35 EST","Exercise normal security precautions","A minor editorial change was made.","Îles Vierges américaines","iles-vierges-americaines","06 mars 2015 17:35 HNE","Prendre des mesures de sécurité normales","Un changement mineur a été apporté au texte."
"","","","YE","330000","YE","Yemen","Yémen","3","1427981069","2015-04-02 09:24:29","2015-04-02T09:24:29.6400718-04:00","1","0","1","Editorial change","Yemen","yemen","April 02, 2015 9:24 EST","Avoid all travel","A minor editorial change was made.","Yémen","yemen","02 avril 2015 9:24 HNE","Éviter tout voyage","Un changement mineur a été apporté au texte."
"","","","ZM","333000","ZM","Zambia","Zambie","1","1427377339","2015-03-26 09:42:19","2015-03-26T09:42:19.0065324-04:00","0","1","1","Editorial change","Zambia","zambia","March 26, 2015 9:42 EST","Exercise a high degree of caution (with regional advisories)","A hyperlink was added.","Zambie","zambie","26 mars 2015 9:42 HNE","Faire preuve d’une grande prudence (avec avertissements régionaux)","Un hyperlien a été ajouté."
"","","","ZW","335000","ZW","Zimbabwe","Zimbabwe","1","1427377339","2015-03-26 09:42:19","2015-03-26T09:42:19.0065324-04:00","0","0","1","","Zimbabwe","zimbabwe","March 26, 2015 9:42 EST","Exercise a high degree of caution","A hyperlink was added.","Zimbabwe","zimbabwe","26 mars 2015 9:42 HNE","Faire preuve d’une grande prudence","Un hyperlien a été ajouté."
